Filename,ClassName
train\c0\img_10003.jpg,c0
train\c0\img_10012.jpg,c0
train\c0\img_1005.jpg,c0
train\c0\img_10053.jpg,c0
train\c0\img_10092.jpg,c0
train\c0\img_10141.jpg,c0
train\c0\img_10167.jpg,c0
train\c0\img_10175.jpg,c0
train\c0\img_10206.jpg,c0
train\c0\img_10225.jpg,c0
train\c0\img_10307.jpg,c0
train\c0\img_10314.jpg,c0
train\c0\img_10321.jpg,c0
train\c0\img_10327.jpg,c0
train\c0\img_1039.jpg,c0
train\c0\img_104.jpg,c0
train\c0\img_10446.jpg,c0
train\c0\img_10514.jpg,c0
train\c0\img_1053.jpg,c0
train\c0\img_10570.jpg,c0
train\c0\img_10582.jpg,c0
train\c0\img_10609.jpg,c0
train\c0\img_10617.jpg,c0
train\c0\img_10627.jpg,c0
train\c0\img_1063.jpg,c0
train\c0\img_10651.jpg,c0
train\c0\img_10652.jpg,c0
train\c0\img_10662.jpg,c0
train\c0\img_10704.jpg,c0
train\c0\img_10710.jpg,c0
train\c0\img_10741.jpg,c0
train\c0\img_1078.jpg,c0
train\c0\img_10792.jpg,c0
train\c0\img_1083.jpg,c0
train\c0\img_10884.jpg,c0
train\c0\img_10909.jpg,c0
train\c0\img_10997.jpg,c0
train\c0\img_11035.jpg,c0
train\c0\img_11061.jpg,c0
train\c0\img_11067.jpg,c0
train\c0\img_11259.jpg,c0
train\c0\img_11273.jpg,c0
train\c0\img_11474.jpg,c0
train\c0\img_11532.jpg,c0
train\c0\img_11582.jpg,c0
train\c0\img_11658.jpg,c0
train\c0\img_11683.jpg,c0
train\c0\img_11687.jpg,c0
train\c0\img_11836.jpg,c0
train\c0\img_11860.jpg,c0
train\c0\img_11863.jpg,c0
train\c0\img_11914.jpg,c0
train\c0\img_1197.jpg,c0
train\c0\img_12017.jpg,c0
train\c0\img_12053.jpg,c0
train\c0\img_12114.jpg,c0
train\c0\img_1215.jpg,c0
train\c0\img_12203.jpg,c0
train\c0\img_12237.jpg,c0
train\c0\img_12238.jpg,c0
train\c0\img_12247.jpg,c0
train\c0\img_12279.jpg,c0
train\c0\img_1230.jpg,c0
train\c0\img_1236.jpg,c0
train\c0\img_12368.jpg,c0
train\c0\img_12375.jpg,c0
train\c0\img_12378.jpg,c0
train\c0\img_12389.jpg,c0
train\c0\img_12458.jpg,c0
train\c0\img_12470.jpg,c0
train\c0\img_1256.jpg,c0
train\c0\img_12642.jpg,c0
train\c0\img_1267.jpg,c0
train\c0\img_12712.jpg,c0
train\c0\img_12772.jpg,c0
train\c0\img_12813.jpg,c0
train\c0\img_1336.jpg,c0
train\c0\img_1355.jpg,c0
train\c0\img_1363.jpg,c0
train\c0\img_1367.jpg,c0
train\c0\img_139.jpg,c0
train\c0\img_1421.jpg,c0
train\c0\img_1487.jpg,c0
train\c0\img_1519.jpg,c0
train\c0\img_1617.jpg,c0
train\c0\img_1746.jpg,c0
train\c0\img_1872.jpg,c0
train\c0\img_1928.jpg,c0
train\c0\img_1929.jpg,c0
train\c0\img_1942.jpg,c0
train\c0\img_2028.jpg,c0
train\c0\img_2064.jpg,c0
train\c0\img_2076.jpg,c0
train\c0\img_208.jpg,c0
train\c0\img_2092.jpg,c0
train\c0\img_2093.jpg,c0
train\c0\img_2101.jpg,c0
train\c0\img_2113.jpg,c0
train\c0\img_2120.jpg,c0
train\c0\img_2151.jpg,c0
train\c0\img_2191.jpg,c0
train\c0\img_2205.jpg,c0
train\c0\img_2236.jpg,c0
train\c0\img_231.jpg,c0
train\c0\img_2334.jpg,c0
train\c0\img_2380.jpg,c0
train\c0\img_2420.jpg,c0
train\c0\img_2528.jpg,c0
train\c0\img_2545.jpg,c0
train\c0\img_2575.jpg,c0
train\c0\img_262.jpg,c0
train\c0\img_2653.jpg,c0
train\c0\img_2695.jpg,c0
train\c0\img_2704.jpg,c0
train\c0\img_2764.jpg,c0
train\c0\img_2765.jpg,c0
train\c0\img_2785.jpg,c0
train\c0\img_2805.jpg,c0
train\c0\img_2813.jpg,c0
train\c0\img_2843.jpg,c0
train\c0\img_292.jpg,c0
train\c0\img_2992.jpg,c0
train\c0\img_3093.jpg,c0
train\c0\img_3100.jpg,c0
train\c0\img_316.jpg,c0
train\c0\img_3243.jpg,c0
train\c0\img_3253.jpg,c0
train\c0\img_327.jpg,c0
train\c0\img_3279.jpg,c0
train\c0\img_3326.jpg,c0
train\c0\img_3349.jpg,c0
train\c0\img_3370.jpg,c0
train\c0\img_34.jpg,c0
train\c0\img_3420.jpg,c0
train\c0\img_3432.jpg,c0
train\c0\img_344.jpg,c0
train\c0\img_3478.jpg,c0
train\c0\img_3509.jpg,c0
train\c0\img_3570.jpg,c0
train\c0\img_3600.jpg,c0
train\c0\img_3655.jpg,c0
train\c0\img_3726.jpg,c0
train\c0\img_3730.jpg,c0
train\c0\img_3739.jpg,c0
train\c0\img_375.jpg,c0
train\c0\img_3824.jpg,c0
train\c0\img_3866.jpg,c0
train\c0\img_3873.jpg,c0
train\c0\img_3902.jpg,c0
train\c0\img_3939.jpg,c0
train\c0\img_3975.jpg,c0
train\c0\img_4013.jpg,c0
train\c0\img_4020.jpg,c0
train\c0\img_4043.jpg,c0
train\c0\img_4053.jpg,c0
train\c0\img_4054.jpg,c0
train\c0\img_411.jpg,c0
train\c0\img_414.jpg,c0
train\c0\img_4149.jpg,c0
train\c0\img_4219.jpg,c0
train\c0\img_4335.jpg,c0
train\c0\img_4362.jpg,c0
train\c0\img_4399.jpg,c0
train\c0\img_4400.jpg,c0
train\c0\img_4441.jpg,c0
train\c0\img_4447.jpg,c0
train\c0\img_4450.jpg,c0
train\c0\img_4461.jpg,c0
train\c0\img_4629.jpg,c0
train\c0\img_4704.jpg,c0
train\c0\img_4733.jpg,c0
train\c0\img_4824.jpg,c0
train\c0\img_4854.jpg,c0
train\c0\img_4888.jpg,c0
train\c0\img_4891.jpg,c0
train\c0\img_4896.jpg,c0
train\c0\img_4960.jpg,c0
train\c0\img_498.jpg,c0
train\c0\img_4983.jpg,c0
train\c0\img_5015.jpg,c0
train\c0\img_5028.jpg,c0
train\c0\img_5198.jpg,c0
train\c0\img_5218.jpg,c0
train\c0\img_5232.jpg,c0
train\c0\img_5237.jpg,c0
train\c0\img_5315.jpg,c0
train\c0\img_5324.jpg,c0
train\c0\img_5325.jpg,c0
train\c0\img_5329.jpg,c0
train\c0\img_5342.jpg,c0
train\c0\img_5349.jpg,c0
train\c0\img_5401.jpg,c0
train\c0\img_5414.jpg,c0
train\c0\img_5449.jpg,c0
train\c0\img_5514.jpg,c0
train\c0\img_5519.jpg,c0
train\c0\img_5585.jpg,c0
train\c0\img_5605.jpg,c0
train\c0\img_5613.jpg,c0
train\c0\img_5656.jpg,c0
train\c0\img_5716.jpg,c0
train\c0\img_5785.jpg,c0
train\c0\img_5846.jpg,c0
train\c0\img_5869.jpg,c0
train\c0\img_5929.jpg,c0
train\c0\img_5957.jpg,c0
train\c0\img_5963.jpg,c0
train\c0\img_6002.jpg,c0
train\c0\img_6030.jpg,c0
train\c0\img_6050.jpg,c0
train\c0\img_6087.jpg,c0
train\c0\img_609.jpg,c0
train\c0\img_6160.jpg,c0
train\c0\img_6178.jpg,c0
train\c0\img_6195.jpg,c0
train\c0\img_6240.jpg,c0
train\c0\img_6326.jpg,c0
train\c0\img_6396.jpg,c0
train\c0\img_6461.jpg,c0
train\c0\img_6471.jpg,c0
train\c0\img_6481.jpg,c0
train\c0\img_656.jpg,c0
train\c0\img_6563.jpg,c0
train\c0\img_6614.jpg,c0
train\c0\img_6797.jpg,c0
train\c0\img_6874.jpg,c0
train\c0\img_6898.jpg,c0
train\c0\img_7031.jpg,c0
train\c0\img_7044.jpg,c0
train\c0\img_7272.jpg,c0
train\c0\img_7276.jpg,c0
train\c0\img_7373.jpg,c0
train\c0\img_7411.jpg,c0
train\c0\img_7415.jpg,c0
train\c0\img_7426.jpg,c0
train\c0\img_7473.jpg,c0
train\c0\img_7501.jpg,c0
train\c0\img_7547.jpg,c0
train\c0\img_7549.jpg,c0
train\c0\img_7553.jpg,c0
train\c0\img_7554.jpg,c0
train\c0\img_7604.jpg,c0
train\c0\img_7608.jpg,c0
train\c0\img_772.jpg,c0
train\c0\img_7778.jpg,c0
train\c0\img_7804.jpg,c0
train\c0\img_7807.jpg,c0
train\c0\img_7819.jpg,c0
train\c0\img_7828.jpg,c0
train\c0\img_7829.jpg,c0
train\c0\img_7990.jpg,c0
train\c0\img_800.jpg,c0
train\c0\img_8031.jpg,c0
train\c0\img_8081.jpg,c0
train\c0\img_8122.jpg,c0
train\c0\img_8128.jpg,c0
train\c0\img_8156.jpg,c0
train\c0\img_8160.jpg,c0
train\c0\img_8222.jpg,c0
train\c0\img_8264.jpg,c0
train\c0\img_8319.jpg,c0
train\c0\img_8415.jpg,c0
train\c0\img_844.jpg,c0
train\c0\img_8541.jpg,c0
train\c0\img_8543.jpg,c0
train\c0\img_8571.jpg,c0
train\c0\img_8670.jpg,c0
train\c0\img_8717.jpg,c0
train\c0\img_8841.jpg,c0
train\c0\img_8843.jpg,c0
train\c0\img_8868.jpg,c0
train\c0\img_8941.jpg,c0
train\c0\img_8954.jpg,c0
train\c0\img_9006.jpg,c0
train\c0\img_9007.jpg,c0
train\c0\img_9150.jpg,c0
train\c0\img_9198.jpg,c0
train\c0\img_9241.jpg,c0
train\c0\img_9252.jpg,c0
train\c0\img_9270.jpg,c0
train\c0\img_9286.jpg,c0
train\c0\img_9345.jpg,c0
train\c0\img_9368.jpg,c0
train\c0\img_9395.jpg,c0
train\c0\img_9457.jpg,c0
train\c0\img_948.jpg,c0
train\c0\img_9484.jpg,c0
train\c0\img_9520.jpg,c0
train\c0\img_9532.jpg,c0
train\c0\img_957.jpg,c0
train\c0\img_9605.jpg,c0
train\c0\img_9648.jpg,c0
train\c0\img_9678.jpg,c0
train\c0\img_9696.jpg,c0
train\c0\img_9724.jpg,c0
train\c0\img_973.jpg,c0
train\c0\img_981.jpg,c0
train\c0\img_9900.jpg,c0
train\c0\img_9907.jpg,c0
train\c0\img_9967.jpg,c0
train\c1\img_10011.jpg,c1
train\c1\img_10119.jpg,c1
train\c1\img_10164.jpg,c1
train\c1\img_10229.jpg,c1
train\c1\img_10247.jpg,c1
train\c1\img_10425.jpg,c1
train\c1\img_1043.jpg,c1
train\c1\img_10440.jpg,c1
train\c1\img_1045.jpg,c1
train\c1\img_10481.jpg,c1
train\c1\img_10536.jpg,c1
train\c1\img_10543.jpg,c1
train\c1\img_10606.jpg,c1
train\c1\img_10626.jpg,c1
train\c1\img_10644.jpg,c1
train\c1\img_10656.jpg,c1
train\c1\img_10675.jpg,c1
train\c1\img_1077.jpg,c1
train\c1\img_10783.jpg,c1
train\c1\img_10804.jpg,c1
train\c1\img_10812.jpg,c1
train\c1\img_10838.jpg,c1
train\c1\img_10851.jpg,c1
train\c1\img_10871.jpg,c1
train\c1\img_11030.jpg,c1
train\c1\img_11034.jpg,c1
train\c1\img_11053.jpg,c1
train\c1\img_11056.jpg,c1
train\c1\img_11071.jpg,c1
train\c1\img_11095.jpg,c1
train\c1\img_11145.jpg,c1
train\c1\img_11187.jpg,c1
train\c1\img_1119.jpg,c1
train\c1\img_11198.jpg,c1
train\c1\img_11249.jpg,c1
train\c1\img_11288.jpg,c1
train\c1\img_11297.jpg,c1
train\c1\img_11316.jpg,c1
train\c1\img_11329.jpg,c1
train\c1\img_11385.jpg,c1
train\c1\img_11396.jpg,c1
train\c1\img_11400.jpg,c1
train\c1\img_11444.jpg,c1
train\c1\img_11478.jpg,c1
train\c1\img_11484.jpg,c1
train\c1\img_115.jpg,c1
train\c1\img_11671.jpg,c1
train\c1\img_11749.jpg,c1
train\c1\img_11776.jpg,c1
train\c1\img_1182.jpg,c1
train\c1\img_11827.jpg,c1
train\c1\img_11911.jpg,c1
train\c1\img_11996.jpg,c1
train\c1\img_12012.jpg,c1
train\c1\img_12030.jpg,c1
train\c1\img_12140.jpg,c1
train\c1\img_12144.jpg,c1
train\c1\img_12181.jpg,c1
train\c1\img_12186.jpg,c1
train\c1\img_12216.jpg,c1
train\c1\img_1224.jpg,c1
train\c1\img_12297.jpg,c1
train\c1\img_12349.jpg,c1
train\c1\img_1242.jpg,c1
train\c1\img_12457.jpg,c1
train\c1\img_12489.jpg,c1
train\c1\img_12499.jpg,c1
train\c1\img_1302.jpg,c1
train\c1\img_1326.jpg,c1
train\c1\img_1407.jpg,c1
train\c1\img_1420.jpg,c1
train\c1\img_1472.jpg,c1
train\c1\img_149.jpg,c1
train\c1\img_1570.jpg,c1
train\c1\img_1579.jpg,c1
train\c1\img_1655.jpg,c1
train\c1\img_1756.jpg,c1
train\c1\img_1830.jpg,c1
train\c1\img_1834.jpg,c1
train\c1\img_1844.jpg,c1
train\c1\img_1916.jpg,c1
train\c1\img_1939.jpg,c1
train\c1\img_1950.jpg,c1
train\c1\img_2212.jpg,c1
train\c1\img_2217.jpg,c1
train\c1\img_2298.jpg,c1
train\c1\img_2302.jpg,c1
train\c1\img_2314.jpg,c1
train\c1\img_2315.jpg,c1
train\c1\img_2333.jpg,c1
train\c1\img_2388.jpg,c1
train\c1\img_2459.jpg,c1
train\c1\img_2477.jpg,c1
train\c1\img_2500.jpg,c1
train\c1\img_2531.jpg,c1
train\c1\img_2572.jpg,c1
train\c1\img_2618.jpg,c1
train\c1\img_2648.jpg,c1
train\c1\img_2657.jpg,c1
train\c1\img_2663.jpg,c1
train\c1\img_2744.jpg,c1
train\c1\img_2825.jpg,c1
train\c1\img_2866.jpg,c1
train\c1\img_2917.jpg,c1
train\c1\img_2928.jpg,c1
train\c1\img_2975.jpg,c1
train\c1\img_3013.jpg,c1
train\c1\img_3014.jpg,c1
train\c1\img_3039.jpg,c1
train\c1\img_3044.jpg,c1
train\c1\img_3055.jpg,c1
train\c1\img_3099.jpg,c1
train\c1\img_3115.jpg,c1
train\c1\img_3196.jpg,c1
train\c1\img_3205.jpg,c1
train\c1\img_3343.jpg,c1
train\c1\img_3351.jpg,c1
train\c1\img_3358.jpg,c1
train\c1\img_3428.jpg,c1
train\c1\img_3470.jpg,c1
train\c1\img_3477.jpg,c1
train\c1\img_3482.jpg,c1
train\c1\img_357.jpg,c1
train\c1\img_3590.jpg,c1
train\c1\img_3592.jpg,c1
train\c1\img_3658.jpg,c1
train\c1\img_3744.jpg,c1
train\c1\img_3879.jpg,c1
train\c1\img_3949.jpg,c1
train\c1\img_3963.jpg,c1
train\c1\img_4091.jpg,c1
train\c1\img_4137.jpg,c1
train\c1\img_4177.jpg,c1
train\c1\img_4217.jpg,c1
train\c1\img_4312.jpg,c1
train\c1\img_4330.jpg,c1
train\c1\img_4343.jpg,c1
train\c1\img_4356.jpg,c1
train\c1\img_4434.jpg,c1
train\c1\img_4446.jpg,c1
train\c1\img_4454.jpg,c1
train\c1\img_448.jpg,c1
train\c1\img_4490.jpg,c1
train\c1\img_4496.jpg,c1
train\c1\img_4525.jpg,c1
train\c1\img_4562.jpg,c1
train\c1\img_4581.jpg,c1
train\c1\img_4591.jpg,c1
train\c1\img_462.jpg,c1
train\c1\img_4747.jpg,c1
train\c1\img_4762.jpg,c1
train\c1\img_4765.jpg,c1
train\c1\img_4789.jpg,c1
train\c1\img_4839.jpg,c1
train\c1\img_4902.jpg,c1
train\c1\img_5067.jpg,c1
train\c1\img_5090.jpg,c1
train\c1\img_5114.jpg,c1
train\c1\img_5135.jpg,c1
train\c1\img_5145.jpg,c1
train\c1\img_5196.jpg,c1
train\c1\img_5213.jpg,c1
train\c1\img_5242.jpg,c1
train\c1\img_5261.jpg,c1
train\c1\img_5266.jpg,c1
train\c1\img_5280.jpg,c1
train\c1\img_5450.jpg,c1
train\c1\img_5473.jpg,c1
train\c1\img_5503.jpg,c1
train\c1\img_5545.jpg,c1
train\c1\img_5568.jpg,c1
train\c1\img_557.jpg,c1
train\c1\img_5590.jpg,c1
train\c1\img_5593.jpg,c1
train\c1\img_5598.jpg,c1
train\c1\img_5668.jpg,c1
train\c1\img_5680.jpg,c1
train\c1\img_5796.jpg,c1
train\c1\img_5877.jpg,c1
train\c1\img_5885.jpg,c1
train\c1\img_5893.jpg,c1
train\c1\img_5898.jpg,c1
train\c1\img_5932.jpg,c1
train\c1\img_6.jpg,c1
train\c1\img_6011.jpg,c1
train\c1\img_6039.jpg,c1
train\c1\img_6212.jpg,c1
train\c1\img_623.jpg,c1
train\c1\img_6300.jpg,c1
train\c1\img_6320.jpg,c1
train\c1\img_6323.jpg,c1
train\c1\img_6329.jpg,c1
train\c1\img_6345.jpg,c1
train\c1\img_6347.jpg,c1
train\c1\img_636.jpg,c1
train\c1\img_6402.jpg,c1
train\c1\img_6407.jpg,c1
train\c1\img_6459.jpg,c1
train\c1\img_6482.jpg,c1
train\c1\img_6570.jpg,c1
train\c1\img_6579.jpg,c1
train\c1\img_6587.jpg,c1
train\c1\img_6609.jpg,c1
train\c1\img_665.jpg,c1
train\c1\img_6656.jpg,c1
train\c1\img_6678.jpg,c1
train\c1\img_6701.jpg,c1
train\c1\img_672.jpg,c1
train\c1\img_6738.jpg,c1
train\c1\img_6740.jpg,c1
train\c1\img_6768.jpg,c1
train\c1\img_6814.jpg,c1
train\c1\img_6885.jpg,c1
train\c1\img_689.jpg,c1
train\c1\img_6915.jpg,c1
train\c1\img_6947.jpg,c1
train\c1\img_700.jpg,c1
train\c1\img_7080.jpg,c1
train\c1\img_7149.jpg,c1
train\c1\img_7152.jpg,c1
train\c1\img_7162.jpg,c1
train\c1\img_7227.jpg,c1
train\c1\img_7233.jpg,c1
train\c1\img_7264.jpg,c1
train\c1\img_7266.jpg,c1
train\c1\img_7301.jpg,c1
train\c1\img_7317.jpg,c1
train\c1\img_7322.jpg,c1
train\c1\img_7368.jpg,c1
train\c1\img_7380.jpg,c1
train\c1\img_7422.jpg,c1
train\c1\img_7470.jpg,c1
train\c1\img_7471.jpg,c1
train\c1\img_7480.jpg,c1
train\c1\img_761.jpg,c1
train\c1\img_7665.jpg,c1
train\c1\img_7680.jpg,c1
train\c1\img_7720.jpg,c1
train\c1\img_7837.jpg,c1
train\c1\img_7884.jpg,c1
train\c1\img_7893.jpg,c1
train\c1\img_7895.jpg,c1
train\c1\img_7916.jpg,c1
train\c1\img_7941.jpg,c1
train\c1\img_7981.jpg,c1
train\c1\img_7987.jpg,c1
train\c1\img_7998.jpg,c1
train\c1\img_8043.jpg,c1
train\c1\img_8099.jpg,c1
train\c1\img_822.jpg,c1
train\c1\img_8220.jpg,c1
train\c1\img_8249.jpg,c1
train\c1\img_8302.jpg,c1
train\c1\img_8303.jpg,c1
train\c1\img_8305.jpg,c1
train\c1\img_8331.jpg,c1
train\c1\img_8349.jpg,c1
train\c1\img_836.jpg,c1
train\c1\img_8410.jpg,c1
train\c1\img_8420.jpg,c1
train\c1\img_8447.jpg,c1
train\c1\img_8457.jpg,c1
train\c1\img_8465.jpg,c1
train\c1\img_859.jpg,c1
train\c1\img_8663.jpg,c1
train\c1\img_872.jpg,c1
train\c1\img_8776.jpg,c1
train\c1\img_8845.jpg,c1
train\c1\img_8888.jpg,c1
train\c1\img_8895.jpg,c1
train\c1\img_8900.jpg,c1
train\c1\img_8943.jpg,c1
train\c1\img_8977.jpg,c1
train\c1\img_9015.jpg,c1
train\c1\img_9039.jpg,c1
train\c1\img_9061.jpg,c1
train\c1\img_9122.jpg,c1
train\c1\img_9130.jpg,c1
train\c1\img_9231.jpg,c1
train\c1\img_9232.jpg,c1
train\c1\img_924.jpg,c1
train\c1\img_928.jpg,c1
train\c1\img_9335.jpg,c1
train\c1\img_942.jpg,c1
train\c1\img_9442.jpg,c1
train\c1\img_9587.jpg,c1
train\c1\img_9610.jpg,c1
train\c1\img_9655.jpg,c1
train\c1\img_9656.jpg,c1
train\c1\img_9714.jpg,c1
train\c1\img_9726.jpg,c1
train\c1\img_9733.jpg,c1
train\c1\img_9743.jpg,c1
train\c1\img_9749.jpg,c1
train\c1\img_9820.jpg,c1
train\c1\img_9836.jpg,c1
train\c1\img_9912.jpg,c1
train\c1\img_9915.jpg,c1
train\c1\img_9956.jpg,c1
train\c1\img_9974.jpg,c1
train\c2\img_10048.jpg,c2
train\c2\img_10108.jpg,c2
train\c2\img_10146.jpg,c2
train\c2\img_10269.jpg,c2
train\c2\img_10277.jpg,c2
train\c2\img_10324.jpg,c2
train\c2\img_10332.jpg,c2
train\c2\img_10357.jpg,c2
train\c2\img_10365.jpg,c2
train\c2\img_10368.jpg,c2
train\c2\img_10378.jpg,c2
train\c2\img_10563.jpg,c2
train\c2\img_10564.jpg,c2
train\c2\img_10607.jpg,c2
train\c2\img_10681.jpg,c2
train\c2\img_10697.jpg,c2
train\c2\img_10768.jpg,c2
train\c2\img_10829.jpg,c2
train\c2\img_10849.jpg,c2
train\c2\img_1096.jpg,c2
train\c2\img_10972.jpg,c2
train\c2\img_10983.jpg,c2
train\c2\img_11003.jpg,c2
train\c2\img_11018.jpg,c2
train\c2\img_1103.jpg,c2
train\c2\img_11080.jpg,c2
train\c2\img_11179.jpg,c2
train\c2\img_11202.jpg,c2
train\c2\img_11257.jpg,c2
train\c2\img_11278.jpg,c2
train\c2\img_11319.jpg,c2
train\c2\img_1138.jpg,c2
train\c2\img_11414.jpg,c2
train\c2\img_11436.jpg,c2
train\c2\img_11520.jpg,c2
train\c2\img_11553.jpg,c2
train\c2\img_11575.jpg,c2
train\c2\img_11588.jpg,c2
train\c2\img_11622.jpg,c2
train\c2\img_11674.jpg,c2
train\c2\img_11704.jpg,c2
train\c2\img_11735.jpg,c2
train\c2\img_11744.jpg,c2
train\c2\img_11840.jpg,c2
train\c2\img_11955.jpg,c2
train\c2\img_12010.jpg,c2
train\c2\img_1202.jpg,c2
train\c2\img_12099.jpg,c2
train\c2\img_12104.jpg,c2
train\c2\img_12105.jpg,c2
train\c2\img_12128.jpg,c2
train\c2\img_1218.jpg,c2
train\c2\img_12280.jpg,c2
train\c2\img_12369.jpg,c2
train\c2\img_12376.jpg,c2
train\c2\img_12410.jpg,c2
train\c2\img_12412.jpg,c2
train\c2\img_12530.jpg,c2
train\c2\img_12573.jpg,c2
train\c2\img_12612.jpg,c2
train\c2\img_12643.jpg,c2
train\c2\img_12723.jpg,c2
train\c2\img_12724.jpg,c2
train\c2\img_12740.jpg,c2
train\c2\img_12763.jpg,c2
train\c2\img_12784.jpg,c2
train\c2\img_12908.jpg,c2
train\c2\img_13107.jpg,c2
train\c2\img_13108.jpg,c2
train\c2\img_13117.jpg,c2
train\c2\img_13132.jpg,c2
train\c2\img_13188.jpg,c2
train\c2\img_13203.jpg,c2
train\c2\img_13221.jpg,c2
train\c2\img_13233.jpg,c2
train\c2\img_13241.jpg,c2
train\c2\img_13252.jpg,c2
train\c2\img_13349.jpg,c2
train\c2\img_13350.jpg,c2
train\c2\img_1341.jpg,c2
train\c2\img_13420.jpg,c2
train\c2\img_13427.jpg,c2
train\c2\img_13469.jpg,c2
train\c2\img_13514.jpg,c2
train\c2\img_13601.jpg,c2
train\c2\img_13623.jpg,c2
train\c2\img_13764.jpg,c2
train\c2\img_13859.jpg,c2
train\c2\img_13889.jpg,c2
train\c2\img_13894.jpg,c2
train\c2\img_13923.jpg,c2
train\c2\img_1394.jpg,c2
train\c2\img_1428.jpg,c2
train\c2\img_1441.jpg,c2
train\c2\img_1496.jpg,c2
train\c2\img_1504.jpg,c2
train\c2\img_1521.jpg,c2
train\c2\img_1530.jpg,c2
train\c2\img_1542.jpg,c2
train\c2\img_1571.jpg,c2
train\c2\img_1589.jpg,c2
train\c2\img_1595.jpg,c2
train\c2\img_1599.jpg,c2
train\c2\img_1633.jpg,c2
train\c2\img_1689.jpg,c2
train\c2\img_1703.jpg,c2
train\c2\img_1709.jpg,c2
train\c2\img_1713.jpg,c2
train\c2\img_1724.jpg,c2
train\c2\img_1764.jpg,c2
train\c2\img_1803.jpg,c2
train\c2\img_1805.jpg,c2
train\c2\img_186.jpg,c2
train\c2\img_1891.jpg,c2
train\c2\img_2040.jpg,c2
train\c2\img_2046.jpg,c2
train\c2\img_2124.jpg,c2
train\c2\img_2147.jpg,c2
train\c2\img_2215.jpg,c2
train\c2\img_2403.jpg,c2
train\c2\img_2518.jpg,c2
train\c2\img_253.jpg,c2
train\c2\img_2551.jpg,c2
train\c2\img_2568.jpg,c2
train\c2\img_258.jpg,c2
train\c2\img_2640.jpg,c2
train\c2\img_2700.jpg,c2
train\c2\img_271.jpg,c2
train\c2\img_2736.jpg,c2
train\c2\img_2761.jpg,c2
train\c2\img_2782.jpg,c2
train\c2\img_2810.jpg,c2
train\c2\img_2962.jpg,c2
train\c2\img_2967.jpg,c2
train\c2\img_3006.jpg,c2
train\c2\img_3024.jpg,c2
train\c2\img_3167.jpg,c2
train\c2\img_3183.jpg,c2
train\c2\img_3194.jpg,c2
train\c2\img_3287.jpg,c2
train\c2\img_3348.jpg,c2
train\c2\img_3352.jpg,c2
train\c2\img_346.jpg,c2
train\c2\img_3541.jpg,c2
train\c2\img_3547.jpg,c2
train\c2\img_3555.jpg,c2
train\c2\img_3563.jpg,c2
train\c2\img_3591.jpg,c2
train\c2\img_3644.jpg,c2
train\c2\img_3645.jpg,c2
train\c2\img_3688.jpg,c2
train\c2\img_3692.jpg,c2
train\c2\img_3741.jpg,c2
train\c2\img_3759.jpg,c2
train\c2\img_381.jpg,c2
train\c2\img_3931.jpg,c2
train\c2\img_3938.jpg,c2
train\c2\img_3960.jpg,c2
train\c2\img_4065.jpg,c2
train\c2\img_4100.jpg,c2
train\c2\img_4138.jpg,c2
train\c2\img_4185.jpg,c2
train\c2\img_4212.jpg,c2
train\c2\img_4221.jpg,c2
train\c2\img_4253.jpg,c2
train\c2\img_4267.jpg,c2
train\c2\img_4311.jpg,c2
train\c2\img_4398.jpg,c2
train\c2\img_4402.jpg,c2
train\c2\img_4500.jpg,c2
train\c2\img_4565.jpg,c2
train\c2\img_4623.jpg,c2
train\c2\img_4663.jpg,c2
train\c2\img_4701.jpg,c2
train\c2\img_4721.jpg,c2
train\c2\img_4740.jpg,c2
train\c2\img_4745.jpg,c2
train\c2\img_4805.jpg,c2
train\c2\img_4838.jpg,c2
train\c2\img_484.jpg,c2
train\c2\img_4850.jpg,c2
train\c2\img_4908.jpg,c2
train\c2\img_4913.jpg,c2
train\c2\img_499.jpg,c2
train\c2\img_501.jpg,c2
train\c2\img_5018.jpg,c2
train\c2\img_5021.jpg,c2
train\c2\img_5040.jpg,c2
train\c2\img_5044.jpg,c2
train\c2\img_5107.jpg,c2
train\c2\img_513.jpg,c2
train\c2\img_5158.jpg,c2
train\c2\img_5179.jpg,c2
train\c2\img_5220.jpg,c2
train\c2\img_5235.jpg,c2
train\c2\img_5275.jpg,c2
train\c2\img_5288.jpg,c2
train\c2\img_530.jpg,c2
train\c2\img_5362.jpg,c2
train\c2\img_5410.jpg,c2
train\c2\img_5465.jpg,c2
train\c2\img_5487.jpg,c2
train\c2\img_5501.jpg,c2
train\c2\img_553.jpg,c2
train\c2\img_5579.jpg,c2
train\c2\img_562.jpg,c2
train\c2\img_5646.jpg,c2
train\c2\img_5685.jpg,c2
train\c2\img_5722.jpg,c2
train\c2\img_5746.jpg,c2
train\c2\img_5750.jpg,c2
train\c2\img_5764.jpg,c2
train\c2\img_5784.jpg,c2
train\c2\img_5786.jpg,c2
train\c2\img_5910.jpg,c2
train\c2\img_5956.jpg,c2
train\c2\img_5984.jpg,c2
train\c2\img_6023.jpg,c2
train\c2\img_6071.jpg,c2
train\c2\img_6076.jpg,c2
train\c2\img_6150.jpg,c2
train\c2\img_6283.jpg,c2
train\c2\img_6296.jpg,c2
train\c2\img_6303.jpg,c2
train\c2\img_6346.jpg,c2
train\c2\img_641.jpg,c2
train\c2\img_6421.jpg,c2
train\c2\img_6429.jpg,c2
train\c2\img_6450.jpg,c2
train\c2\img_6465.jpg,c2
train\c2\img_6466.jpg,c2
train\c2\img_673.jpg,c2
train\c2\img_6782.jpg,c2
train\c2\img_6867.jpg,c2
train\c2\img_6938.jpg,c2
train\c2\img_6965.jpg,c2
train\c2\img_7006.jpg,c2
train\c2\img_7012.jpg,c2
train\c2\img_704.jpg,c2
train\c2\img_7053.jpg,c2
train\c2\img_7061.jpg,c2
train\c2\img_7095.jpg,c2
train\c2\img_7143.jpg,c2
train\c2\img_7217.jpg,c2
train\c2\img_7228.jpg,c2
train\c2\img_7244.jpg,c2
train\c2\img_7258.jpg,c2
train\c2\img_7342.jpg,c2
train\c2\img_7452.jpg,c2
train\c2\img_7486.jpg,c2
train\c2\img_7491.jpg,c2
train\c2\img_7516.jpg,c2
train\c2\img_7567.jpg,c2
train\c2\img_7649.jpg,c2
train\c2\img_7655.jpg,c2
train\c2\img_7775.jpg,c2
train\c2\img_7834.jpg,c2
train\c2\img_7885.jpg,c2
train\c2\img_791.jpg,c2
train\c2\img_7912.jpg,c2
train\c2\img_8013.jpg,c2
train\c2\img_8037.jpg,c2
train\c2\img_804.jpg,c2
train\c2\img_8138.jpg,c2
train\c2\img_814.jpg,c2
train\c2\img_8189.jpg,c2
train\c2\img_8191.jpg,c2
train\c2\img_8238.jpg,c2
train\c2\img_8270.jpg,c2
train\c2\img_8296.jpg,c2
train\c2\img_8379.jpg,c2
train\c2\img_8481.jpg,c2
train\c2\img_8535.jpg,c2
train\c2\img_8777.jpg,c2
train\c2\img_8807.jpg,c2
train\c2\img_8816.jpg,c2
train\c2\img_8835.jpg,c2
train\c2\img_8863.jpg,c2
train\c2\img_8865.jpg,c2
train\c2\img_8883.jpg,c2
train\c2\img_8927.jpg,c2
train\c2\img_9050.jpg,c2
train\c2\img_9070.jpg,c2
train\c2\img_908.jpg,c2
train\c2\img_916.jpg,c2
train\c2\img_9178.jpg,c2
train\c2\img_9185.jpg,c2
train\c2\img_9193.jpg,c2
train\c2\img_9230.jpg,c2
train\c2\img_9346.jpg,c2
train\c2\img_9348.jpg,c2
train\c2\img_9384.jpg,c2
train\c2\img_94.jpg,c2
train\c2\img_9415.jpg,c2
train\c2\img_9418.jpg,c2
train\c2\img_9493.jpg,c2
train\c2\img_9564.jpg,c2
train\c2\img_9617.jpg,c2
train\c2\img_9662.jpg,c2
train\c2\img_9719.jpg,c2
train\c2\img_9779.jpg,c2
train\c2\img_9843.jpg,c2
train\c2\img_9869.jpg,c2
train\c2\img_9873.jpg,c2
train\c2\img_9910.jpg,c2
train\c2\img_9953.jpg,c2
train\c2\img_9959.jpg,c2
train\c2\img_9978.jpg,c2
train\c2\img_9983.jpg,c2
train\c2\img_9986.jpg,c2
train\c3\img_10034.jpg,c3
train\c3\img_10062.jpg,c3
train\c3\img_10068.jpg,c3
train\c3\img_10096.jpg,c3
train\c3\img_10134.jpg,c3
train\c3\img_10177.jpg,c3
train\c3\img_10226.jpg,c3
train\c3\img_10254.jpg,c3
train\c3\img_1027.jpg,c3
train\c3\img_10367.jpg,c3
train\c3\img_10528.jpg,c3
train\c3\img_10678.jpg,c3
train\c3\img_10748.jpg,c3
train\c3\img_1076.jpg,c3
train\c3\img_10879.jpg,c3
train\c3\img_10881.jpg,c3
train\c3\img_10928.jpg,c3
train\c3\img_11023.jpg,c3
train\c3\img_11120.jpg,c3
train\c3\img_11123.jpg,c3
train\c3\img_11126.jpg,c3
train\c3\img_11142.jpg,c3
train\c3\img_11144.jpg,c3
train\c3\img_11162.jpg,c3
train\c3\img_11177.jpg,c3
train\c3\img_11228.jpg,c3
train\c3\img_11230.jpg,c3
train\c3\img_11248.jpg,c3
train\c3\img_11275.jpg,c3
train\c3\img_11340.jpg,c3
train\c3\img_11352.jpg,c3
train\c3\img_11441.jpg,c3
train\c3\img_1145.jpg,c3
train\c3\img_1153.jpg,c3
train\c3\img_11603.jpg,c3
train\c3\img_11605.jpg,c3
train\c3\img_11623.jpg,c3
train\c3\img_11677.jpg,c3
train\c3\img_11712.jpg,c3
train\c3\img_11743.jpg,c3
train\c3\img_11803.jpg,c3
train\c3\img_11813.jpg,c3
train\c3\img_11819.jpg,c3
train\c3\img_11902.jpg,c3
train\c3\img_11920.jpg,c3
train\c3\img_11982.jpg,c3
train\c3\img_12011.jpg,c3
train\c3\img_12035.jpg,c3
train\c3\img_12070.jpg,c3
train\c3\img_12185.jpg,c3
train\c3\img_12206.jpg,c3
train\c3\img_12214.jpg,c3
train\c3\img_12248.jpg,c3
train\c3\img_12298.jpg,c3
train\c3\img_12316.jpg,c3
train\c3\img_12346.jpg,c3
train\c3\img_12347.jpg,c3
train\c3\img_12426.jpg,c3
train\c3\img_12520.jpg,c3
train\c3\img_12537.jpg,c3
train\c3\img_12543.jpg,c3
train\c3\img_12557.jpg,c3
train\c3\img_1257.jpg,c3
train\c3\img_12591.jpg,c3
train\c3\img_12674.jpg,c3
train\c3\img_12717.jpg,c3
train\c3\img_12718.jpg,c3
train\c3\img_1273.jpg,c3
train\c3\img_12825.jpg,c3
train\c3\img_12832.jpg,c3
train\c3\img_12848.jpg,c3
train\c3\img_1286.jpg,c3
train\c3\img_1295.jpg,c3
train\c3\img_12960.jpg,c3
train\c3\img_13142.jpg,c3
train\c3\img_13167.jpg,c3
train\c3\img_1317.jpg,c3
train\c3\img_13211.jpg,c3
train\c3\img_1323.jpg,c3
train\c3\img_13240.jpg,c3
train\c3\img_13270.jpg,c3
train\c3\img_1329.jpg,c3
train\c3\img_13325.jpg,c3
train\c3\img_13326.jpg,c3
train\c3\img_13327.jpg,c3
train\c3\img_13329.jpg,c3
train\c3\img_1337.jpg,c3
train\c3\img_13389.jpg,c3
train\c3\img_13412.jpg,c3
train\c3\img_1342.jpg,c3
train\c3\img_13463.jpg,c3
train\c3\img_13512.jpg,c3
train\c3\img_13542.jpg,c3
train\c3\img_13555.jpg,c3
train\c3\img_1455.jpg,c3
train\c3\img_1495.jpg,c3
train\c3\img_1565.jpg,c3
train\c3\img_1645.jpg,c3
train\c3\img_1701.jpg,c3
train\c3\img_1759.jpg,c3
train\c3\img_1783.jpg,c3
train\c3\img_1819.jpg,c3
train\c3\img_1879.jpg,c3
train\c3\img_1900.jpg,c3
train\c3\img_1921.jpg,c3
train\c3\img_2005.jpg,c3
train\c3\img_2034.jpg,c3
train\c3\img_2036.jpg,c3
train\c3\img_204.jpg,c3
train\c3\img_207.jpg,c3
train\c3\img_2114.jpg,c3
train\c3\img_2115.jpg,c3
train\c3\img_216.jpg,c3
train\c3\img_2178.jpg,c3
train\c3\img_2284.jpg,c3
train\c3\img_2311.jpg,c3
train\c3\img_2346.jpg,c3
train\c3\img_2381.jpg,c3
train\c3\img_2407.jpg,c3
train\c3\img_2437.jpg,c3
train\c3\img_244.jpg,c3
train\c3\img_2516.jpg,c3
train\c3\img_2558.jpg,c3
train\c3\img_2566.jpg,c3
train\c3\img_2585.jpg,c3
train\c3\img_2609.jpg,c3
train\c3\img_2631.jpg,c3
train\c3\img_2770.jpg,c3
train\c3\img_2795.jpg,c3
train\c3\img_2817.jpg,c3
train\c3\img_2890.jpg,c3
train\c3\img_2956.jpg,c3
train\c3\img_296.jpg,c3
train\c3\img_2995.jpg,c3
train\c3\img_3025.jpg,c3
train\c3\img_3040.jpg,c3
train\c3\img_3078.jpg,c3
train\c3\img_3201.jpg,c3
train\c3\img_322.jpg,c3
train\c3\img_3317.jpg,c3
train\c3\img_3325.jpg,c3
train\c3\img_3342.jpg,c3
train\c3\img_3357.jpg,c3
train\c3\img_3384.jpg,c3
train\c3\img_3392.jpg,c3
train\c3\img_3630.jpg,c3
train\c3\img_3636.jpg,c3
train\c3\img_3669.jpg,c3
train\c3\img_3695.jpg,c3
train\c3\img_3715.jpg,c3
train\c3\img_3767.jpg,c3
train\c3\img_3797.jpg,c3
train\c3\img_3825.jpg,c3
train\c3\img_3831.jpg,c3
train\c3\img_392.jpg,c3
train\c3\img_3950.jpg,c3
train\c3\img_4069.jpg,c3
train\c3\img_4087.jpg,c3
train\c3\img_4099.jpg,c3
train\c3\img_4106.jpg,c3
train\c3\img_4116.jpg,c3
train\c3\img_4125.jpg,c3
train\c3\img_4135.jpg,c3
train\c3\img_4144.jpg,c3
train\c3\img_4183.jpg,c3
train\c3\img_423.jpg,c3
train\c3\img_4287.jpg,c3
train\c3\img_4303.jpg,c3
train\c3\img_4401.jpg,c3
train\c3\img_4407.jpg,c3
train\c3\img_4435.jpg,c3
train\c3\img_4482.jpg,c3
train\c3\img_4483.jpg,c3
train\c3\img_4518.jpg,c3
train\c3\img_456.jpg,c3
train\c3\img_4578.jpg,c3
train\c3\img_4583.jpg,c3
train\c3\img_4592.jpg,c3
train\c3\img_4614.jpg,c3
train\c3\img_4640.jpg,c3
train\c3\img_4647.jpg,c3
train\c3\img_468.jpg,c3
train\c3\img_4690.jpg,c3
train\c3\img_4727.jpg,c3
train\c3\img_477.jpg,c3
train\c3\img_4778.jpg,c3
train\c3\img_4786.jpg,c3
train\c3\img_4799.jpg,c3
train\c3\img_4842.jpg,c3
train\c3\img_4863.jpg,c3
train\c3\img_4873.jpg,c3
train\c3\img_5.jpg,c3
train\c3\img_5034.jpg,c3
train\c3\img_5051.jpg,c3
train\c3\img_510.jpg,c3
train\c3\img_5137.jpg,c3
train\c3\img_5149.jpg,c3
train\c3\img_5207.jpg,c3
train\c3\img_5236.jpg,c3
train\c3\img_5250.jpg,c3
train\c3\img_5260.jpg,c3
train\c3\img_5289.jpg,c3
train\c3\img_5295.jpg,c3
train\c3\img_5328.jpg,c3
train\c3\img_533.jpg,c3
train\c3\img_537.jpg,c3
train\c3\img_5437.jpg,c3
train\c3\img_5479.jpg,c3
train\c3\img_569.jpg,c3
train\c3\img_5736.jpg,c3
train\c3\img_5780.jpg,c3
train\c3\img_589.jpg,c3
train\c3\img_592.jpg,c3
train\c3\img_6044.jpg,c3
train\c3\img_6054.jpg,c3
train\c3\img_6073.jpg,c3
train\c3\img_6078.jpg,c3
train\c3\img_612.jpg,c3
train\c3\img_6132.jpg,c3
train\c3\img_6133.jpg,c3
train\c3\img_616.jpg,c3
train\c3\img_6196.jpg,c3
train\c3\img_6220.jpg,c3
train\c3\img_6265.jpg,c3
train\c3\img_6398.jpg,c3
train\c3\img_6468.jpg,c3
train\c3\img_6516.jpg,c3
train\c3\img_6556.jpg,c3
train\c3\img_6747.jpg,c3
train\c3\img_6796.jpg,c3
train\c3\img_6799.jpg,c3
train\c3\img_6811.jpg,c3
train\c3\img_6835.jpg,c3
train\c3\img_6836.jpg,c3
train\c3\img_6859.jpg,c3
train\c3\img_6899.jpg,c3
train\c3\img_6940.jpg,c3
train\c3\img_7017.jpg,c3
train\c3\img_7075.jpg,c3
train\c3\img_7093.jpg,c3
train\c3\img_7097.jpg,c3
train\c3\img_7122.jpg,c3
train\c3\img_7253.jpg,c3
train\c3\img_7367.jpg,c3
train\c3\img_7454.jpg,c3
train\c3\img_7464.jpg,c3
train\c3\img_7552.jpg,c3
train\c3\img_7574.jpg,c3
train\c3\img_7600.jpg,c3
train\c3\img_7605.jpg,c3
train\c3\img_7612.jpg,c3
train\c3\img_7702.jpg,c3
train\c3\img_7798.jpg,c3
train\c3\img_7812.jpg,c3
train\c3\img_7943.jpg,c3
train\c3\img_8033.jpg,c3
train\c3\img_8084.jpg,c3
train\c3\img_8155.jpg,c3
train\c3\img_8235.jpg,c3
train\c3\img_8272.jpg,c3
train\c3\img_8276.jpg,c3
train\c3\img_8363.jpg,c3
train\c3\img_843.jpg,c3
train\c3\img_8510.jpg,c3
train\c3\img_8557.jpg,c3
train\c3\img_8635.jpg,c3
train\c3\img_8685.jpg,c3
train\c3\img_8720.jpg,c3
train\c3\img_8832.jpg,c3
train\c3\img_8870.jpg,c3
train\c3\img_8911.jpg,c3
train\c3\img_8919.jpg,c3
train\c3\img_8987.jpg,c3
train\c3\img_9017.jpg,c3
train\c3\img_9100.jpg,c3
train\c3\img_9103.jpg,c3
train\c3\img_9142.jpg,c3
train\c3\img_9157.jpg,c3
train\c3\img_9225.jpg,c3
train\c3\img_9244.jpg,c3
train\c3\img_9251.jpg,c3
train\c3\img_9266.jpg,c3
train\c3\img_9271.jpg,c3
train\c3\img_9309.jpg,c3
train\c3\img_9364.jpg,c3
train\c3\img_9422.jpg,c3
train\c3\img_9480.jpg,c3
train\c3\img_9498.jpg,c3
train\c3\img_9529.jpg,c3
train\c3\img_9546.jpg,c3
train\c3\img_955.jpg,c3
train\c3\img_9604.jpg,c3
train\c3\img_9682.jpg,c3
train\c3\img_9699.jpg,c3
train\c3\img_9709.jpg,c3
train\c3\img_9812.jpg,c3
train\c3\img_9853.jpg,c3
train\c3\img_9858.jpg,c3
train\c3\img_9878.jpg,c3
train\c4\img_10025.jpg,c4
train\c4\img_10050.jpg,c4
train\c4\img_10078.jpg,c4
train\c4\img_10103.jpg,c4
train\c4\img_10116.jpg,c4
train\c4\img_10125.jpg,c4
train\c4\img_10230.jpg,c4
train\c4\img_10249.jpg,c4
train\c4\img_10362.jpg,c4
train\c4\img_10572.jpg,c4
train\c4\img_10612.jpg,c4
train\c4\img_1073.jpg,c4
train\c4\img_10758.jpg,c4
train\c4\img_10765.jpg,c4
train\c4\img_10794.jpg,c4
train\c4\img_10844.jpg,c4
train\c4\img_10854.jpg,c4
train\c4\img_10865.jpg,c4
train\c4\img_10902.jpg,c4
train\c4\img_11012.jpg,c4
train\c4\img_11052.jpg,c4
train\c4\img_1106.jpg,c4
train\c4\img_11090.jpg,c4
train\c4\img_11263.jpg,c4
train\c4\img_11270.jpg,c4
train\c4\img_11304.jpg,c4
train\c4\img_11494.jpg,c4
train\c4\img_11533.jpg,c4
train\c4\img_11535.jpg,c4
train\c4\img_11607.jpg,c4
train\c4\img_11690.jpg,c4
train\c4\img_11708.jpg,c4
train\c4\img_11773.jpg,c4
train\c4\img_11800.jpg,c4
train\c4\img_11832.jpg,c4
train\c4\img_11851.jpg,c4
train\c4\img_11897.jpg,c4
train\c4\img_11937.jpg,c4
train\c4\img_11976.jpg,c4
train\c4\img_12057.jpg,c4
train\c4\img_12160.jpg,c4
train\c4\img_12196.jpg,c4
train\c4\img_12204.jpg,c4
train\c4\img_12232.jpg,c4
train\c4\img_12319.jpg,c4
train\c4\img_12333.jpg,c4
train\c4\img_12427.jpg,c4
train\c4\img_12474.jpg,c4
train\c4\img_12476.jpg,c4
train\c4\img_12503.jpg,c4
train\c4\img_12553.jpg,c4
train\c4\img_12589.jpg,c4
train\c4\img_12616.jpg,c4
train\c4\img_12715.jpg,c4
train\c4\img_12716.jpg,c4
train\c4\img_12719.jpg,c4
train\c4\img_12729.jpg,c4
train\c4\img_12738.jpg,c4
train\c4\img_12791.jpg,c4
train\c4\img_12834.jpg,c4
train\c4\img_12891.jpg,c4
train\c4\img_12925.jpg,c4
train\c4\img_12943.jpg,c4
train\c4\img_13230.jpg,c4
train\c4\img_13244.jpg,c4
train\c4\img_1327.jpg,c4
train\c4\img_13290.jpg,c4
train\c4\img_13378.jpg,c4
train\c4\img_13422.jpg,c4
train\c4\img_13459.jpg,c4
train\c4\img_13613.jpg,c4
train\c4\img_13701.jpg,c4
train\c4\img_13710.jpg,c4
train\c4\img_1374.jpg,c4
train\c4\img_13766.jpg,c4
train\c4\img_13903.jpg,c4
train\c4\img_13940.jpg,c4
train\c4\img_13973.jpg,c4
train\c4\img_13981.jpg,c4
train\c4\img_14.jpg,c4
train\c4\img_14023.jpg,c4
train\c4\img_14035.jpg,c4
train\c4\img_14057.jpg,c4
train\c4\img_1408.jpg,c4
train\c4\img_14163.jpg,c4
train\c4\img_14208.jpg,c4
train\c4\img_14287.jpg,c4
train\c4\img_14345.jpg,c4
train\c4\img_14370.jpg,c4
train\c4\img_14447.jpg,c4
train\c4\img_1523.jpg,c4
train\c4\img_1552.jpg,c4
train\c4\img_1578.jpg,c4
train\c4\img_1621.jpg,c4
train\c4\img_173.jpg,c4
train\c4\img_1740.jpg,c4
train\c4\img_1760.jpg,c4
train\c4\img_1762.jpg,c4
train\c4\img_1789.jpg,c4
train\c4\img_1913.jpg,c4
train\c4\img_2071.jpg,c4
train\c4\img_2098.jpg,c4
train\c4\img_2274.jpg,c4
train\c4\img_2308.jpg,c4
train\c4\img_2322.jpg,c4
train\c4\img_2351.jpg,c4
train\c4\img_2413.jpg,c4
train\c4\img_2443.jpg,c4
train\c4\img_2447.jpg,c4
train\c4\img_2479.jpg,c4
train\c4\img_2499.jpg,c4
train\c4\img_2529.jpg,c4
train\c4\img_2583.jpg,c4
train\c4\img_2589.jpg,c4
train\c4\img_2625.jpg,c4
train\c4\img_2632.jpg,c4
train\c4\img_2641.jpg,c4
train\c4\img_2669.jpg,c4
train\c4\img_2730.jpg,c4
train\c4\img_2777.jpg,c4
train\c4\img_2875.jpg,c4
train\c4\img_2910.jpg,c4
train\c4\img_2935.jpg,c4
train\c4\img_2953.jpg,c4
train\c4\img_2999.jpg,c4
train\c4\img_3032.jpg,c4
train\c4\img_3063.jpg,c4
train\c4\img_3187.jpg,c4
train\c4\img_319.jpg,c4
train\c4\img_3298.jpg,c4
train\c4\img_3345.jpg,c4
train\c4\img_3417.jpg,c4
train\c4\img_3446.jpg,c4
train\c4\img_3594.jpg,c4
train\c4\img_3714.jpg,c4
train\c4\img_3734.jpg,c4
train\c4\img_3742.jpg,c4
train\c4\img_3761.jpg,c4
train\c4\img_3766.jpg,c4
train\c4\img_3787.jpg,c4
train\c4\img_379.jpg,c4
train\c4\img_3821.jpg,c4
train\c4\img_3837.jpg,c4
train\c4\img_3966.jpg,c4
train\c4\img_4006.jpg,c4
train\c4\img_4008.jpg,c4
train\c4\img_4042.jpg,c4
train\c4\img_4086.jpg,c4
train\c4\img_4154.jpg,c4
train\c4\img_4192.jpg,c4
train\c4\img_4250.jpg,c4
train\c4\img_4266.jpg,c4
train\c4\img_4317.jpg,c4
train\c4\img_4326.jpg,c4
train\c4\img_4353.jpg,c4
train\c4\img_4363.jpg,c4
train\c4\img_4391.jpg,c4
train\c4\img_440.jpg,c4
train\c4\img_4439.jpg,c4
train\c4\img_4440.jpg,c4
train\c4\img_445.jpg,c4
train\c4\img_4460.jpg,c4
train\c4\img_4468.jpg,c4
train\c4\img_4481.jpg,c4
train\c4\img_4499.jpg,c4
train\c4\img_452.jpg,c4
train\c4\img_4561.jpg,c4
train\c4\img_4603.jpg,c4
train\c4\img_4624.jpg,c4
train\c4\img_4637.jpg,c4
train\c4\img_4643.jpg,c4
train\c4\img_4684.jpg,c4
train\c4\img_4707.jpg,c4
train\c4\img_4736.jpg,c4
train\c4\img_4748.jpg,c4
train\c4\img_4777.jpg,c4
train\c4\img_4893.jpg,c4
train\c4\img_494.jpg,c4
train\c4\img_4967.jpg,c4
train\c4\img_5014.jpg,c4
train\c4\img_502.jpg,c4
train\c4\img_503.jpg,c4
train\c4\img_5031.jpg,c4
train\c4\img_5138.jpg,c4
train\c4\img_5169.jpg,c4
train\c4\img_5187.jpg,c4
train\c4\img_524.jpg,c4
train\c4\img_5387.jpg,c4
train\c4\img_5442.jpg,c4
train\c4\img_5496.jpg,c4
train\c4\img_5512.jpg,c4
train\c4\img_5513.jpg,c4
train\c4\img_5525.jpg,c4
train\c4\img_5539.jpg,c4
train\c4\img_5543.jpg,c4
train\c4\img_5553.jpg,c4
train\c4\img_5565.jpg,c4
train\c4\img_5603.jpg,c4
train\c4\img_568.jpg,c4
train\c4\img_5692.jpg,c4
train\c4\img_5704.jpg,c4
train\c4\img_5726.jpg,c4
train\c4\img_5747.jpg,c4
train\c4\img_5759.jpg,c4
train\c4\img_5911.jpg,c4
train\c4\img_594.jpg,c4
train\c4\img_597.jpg,c4
train\c4\img_6004.jpg,c4
train\c4\img_6007.jpg,c4
train\c4\img_6009.jpg,c4
train\c4\img_6014.jpg,c4
train\c4\img_6018.jpg,c4
train\c4\img_6036.jpg,c4
train\c4\img_6056.jpg,c4
train\c4\img_6108.jpg,c4
train\c4\img_6114.jpg,c4
train\c4\img_6192.jpg,c4
train\c4\img_6211.jpg,c4
train\c4\img_6278.jpg,c4
train\c4\img_6313.jpg,c4
train\c4\img_6355.jpg,c4
train\c4\img_6377.jpg,c4
train\c4\img_6457.jpg,c4
train\c4\img_6469.jpg,c4
train\c4\img_6588.jpg,c4
train\c4\img_664.jpg,c4
train\c4\img_6648.jpg,c4
train\c4\img_6717.jpg,c4
train\c4\img_6725.jpg,c4
train\c4\img_6730.jpg,c4
train\c4\img_6731.jpg,c4
train\c4\img_674.jpg,c4
train\c4\img_6777.jpg,c4
train\c4\img_6785.jpg,c4
train\c4\img_6825.jpg,c4
train\c4\img_6841.jpg,c4
train\c4\img_6866.jpg,c4
train\c4\img_6903.jpg,c4
train\c4\img_6972.jpg,c4
train\c4\img_6973.jpg,c4
train\c4\img_6998.jpg,c4
train\c4\img_7004.jpg,c4
train\c4\img_7085.jpg,c4
train\c4\img_7174.jpg,c4
train\c4\img_7199.jpg,c4
train\c4\img_7291.jpg,c4
train\c4\img_732.jpg,c4
train\c4\img_7410.jpg,c4
train\c4\img_7466.jpg,c4
train\c4\img_7479.jpg,c4
train\c4\img_7495.jpg,c4
train\c4\img_7498.jpg,c4
train\c4\img_7615.jpg,c4
train\c4\img_7629.jpg,c4
train\c4\img_7652.jpg,c4
train\c4\img_7668.jpg,c4
train\c4\img_7727.jpg,c4
train\c4\img_775.jpg,c4
train\c4\img_7858.jpg,c4
train\c4\img_7875.jpg,c4
train\c4\img_7930.jpg,c4
train\c4\img_7962.jpg,c4
train\c4\img_803.jpg,c4
train\c4\img_8077.jpg,c4
train\c4\img_8078.jpg,c4
train\c4\img_8117.jpg,c4
train\c4\img_8119.jpg,c4
train\c4\img_8250.jpg,c4
train\c4\img_8251.jpg,c4
train\c4\img_8253.jpg,c4
train\c4\img_849.jpg,c4
train\c4\img_8574.jpg,c4
train\c4\img_858.jpg,c4
train\c4\img_8580.jpg,c4
train\c4\img_8599.jpg,c4
train\c4\img_8691.jpg,c4
train\c4\img_8724.jpg,c4
train\c4\img_8794.jpg,c4
train\c4\img_8812.jpg,c4
train\c4\img_8951.jpg,c4
train\c4\img_8975.jpg,c4
train\c4\img_902.jpg,c4
train\c4\img_9086.jpg,c4
train\c4\img_9095.jpg,c4
train\c4\img_9121.jpg,c4
train\c4\img_9170.jpg,c4
train\c4\img_9248.jpg,c4
train\c4\img_9278.jpg,c4
train\c4\img_9310.jpg,c4
train\c4\img_9376.jpg,c4
train\c4\img_9448.jpg,c4
train\c4\img_9466.jpg,c4
train\c4\img_9572.jpg,c4
train\c4\img_967.jpg,c4
train\c4\img_9775.jpg,c4
train\c4\img_9813.jpg,c4
train\c4\img_9832.jpg,c4
train\c4\img_986.jpg,c4
train\c4\img_99.jpg,c4
train\c4\img_9963.jpg,c4
train\c5\img_10000.jpg,c5
train\c5\img_10052.jpg,c5
train\c5\img_10117.jpg,c5
train\c5\img_10156.jpg,c5
train\c5\img_1016.jpg,c5
train\c5\img_10198.jpg,c5
train\c5\img_10202.jpg,c5
train\c5\img_1024.jpg,c5
train\c5\img_10274.jpg,c5
train\c5\img_10288.jpg,c5
train\c5\img_10318.jpg,c5
train\c5\img_10343.jpg,c5
train\c5\img_10349.jpg,c5
train\c5\img_10388.jpg,c5
train\c5\img_10406.jpg,c5
train\c5\img_10435.jpg,c5
train\c5\img_1048.jpg,c5
train\c5\img_10510.jpg,c5
train\c5\img_10516.jpg,c5
train\c5\img_10620.jpg,c5
train\c5\img_10638.jpg,c5
train\c5\img_10657.jpg,c5
train\c5\img_10760.jpg,c5
train\c5\img_10773.jpg,c5
train\c5\img_10847.jpg,c5
train\c5\img_11050.jpg,c5
train\c5\img_11087.jpg,c5
train\c5\img_11109.jpg,c5
train\c5\img_11136.jpg,c5
train\c5\img_11171.jpg,c5
train\c5\img_11197.jpg,c5
train\c5\img_11239.jpg,c5
train\c5\img_11309.jpg,c5
train\c5\img_11360.jpg,c5
train\c5\img_11398.jpg,c5
train\c5\img_11431.jpg,c5
train\c5\img_11505.jpg,c5
train\c5\img_11526.jpg,c5
train\c5\img_11581.jpg,c5
train\c5\img_11616.jpg,c5
train\c5\img_11634.jpg,c5
train\c5\img_11747.jpg,c5
train\c5\img_11748.jpg,c5
train\c5\img_11759.jpg,c5
train\c5\img_11781.jpg,c5
train\c5\img_118.jpg,c5
train\c5\img_11808.jpg,c5
train\c5\img_11830.jpg,c5
train\c5\img_11842.jpg,c5
train\c5\img_11871.jpg,c5
train\c5\img_11892.jpg,c5
train\c5\img_1191.jpg,c5
train\c5\img_11953.jpg,c5
train\c5\img_11972.jpg,c5
train\c5\img_120.jpg,c5
train\c5\img_12126.jpg,c5
train\c5\img_12150.jpg,c5
train\c5\img_12211.jpg,c5
train\c5\img_12273.jpg,c5
train\c5\img_12289.jpg,c5
train\c5\img_12293.jpg,c5
train\c5\img_12301.jpg,c5
train\c5\img_12314.jpg,c5
train\c5\img_12370.jpg,c5
train\c5\img_12442.jpg,c5
train\c5\img_1245.jpg,c5
train\c5\img_12538.jpg,c5
train\c5\img_12550.jpg,c5
train\c5\img_12574.jpg,c5
train\c5\img_12624.jpg,c5
train\c5\img_12644.jpg,c5
train\c5\img_12645.jpg,c5
train\c5\img_12687.jpg,c5
train\c5\img_12764.jpg,c5
train\c5\img_12792.jpg,c5
train\c5\img_12811.jpg,c5
train\c5\img_12823.jpg,c5
train\c5\img_12829.jpg,c5
train\c5\img_12869.jpg,c5
train\c5\img_12896.jpg,c5
train\c5\img_1290.jpg,c5
train\c5\img_12910.jpg,c5
train\c5\img_12931.jpg,c5
train\c5\img_12963.jpg,c5
train\c5\img_13006.jpg,c5
train\c5\img_13008.jpg,c5
train\c5\img_1304.jpg,c5
train\c5\img_13044.jpg,c5
train\c5\img_13057.jpg,c5
train\c5\img_1378.jpg,c5
train\c5\img_138.jpg,c5
train\c5\img_1388.jpg,c5
train\c5\img_1395.jpg,c5
train\c5\img_1401.jpg,c5
train\c5\img_1404.jpg,c5
train\c5\img_1467.jpg,c5
train\c5\img_1536.jpg,c5
train\c5\img_1584.jpg,c5
train\c5\img_1605.jpg,c5
train\c5\img_1651.jpg,c5
train\c5\img_1718.jpg,c5
train\c5\img_1723.jpg,c5
train\c5\img_1797.jpg,c5
train\c5\img_1821.jpg,c5
train\c5\img_1827.jpg,c5
train\c5\img_1876.jpg,c5
train\c5\img_2090.jpg,c5
train\c5\img_2123.jpg,c5
train\c5\img_2130.jpg,c5
train\c5\img_2150.jpg,c5
train\c5\img_2198.jpg,c5
train\c5\img_2263.jpg,c5
train\c5\img_2338.jpg,c5
train\c5\img_2356.jpg,c5
train\c5\img_2369.jpg,c5
train\c5\img_2372.jpg,c5
train\c5\img_2373.jpg,c5
train\c5\img_2397.jpg,c5
train\c5\img_2398.jpg,c5
train\c5\img_2497.jpg,c5
train\c5\img_2553.jpg,c5
train\c5\img_2554.jpg,c5
train\c5\img_2645.jpg,c5
train\c5\img_2693.jpg,c5
train\c5\img_2739.jpg,c5
train\c5\img_274.jpg,c5
train\c5\img_2746.jpg,c5
train\c5\img_2747.jpg,c5
train\c5\img_275.jpg,c5
train\c5\img_2772.jpg,c5
train\c5\img_3103.jpg,c5
train\c5\img_3158.jpg,c5
train\c5\img_3178.jpg,c5
train\c5\img_3180.jpg,c5
train\c5\img_3182.jpg,c5
train\c5\img_3225.jpg,c5
train\c5\img_3234.jpg,c5
train\c5\img_3278.jpg,c5
train\c5\img_3308.jpg,c5
train\c5\img_3360.jpg,c5
train\c5\img_3400.jpg,c5
train\c5\img_3427.jpg,c5
train\c5\img_3442.jpg,c5
train\c5\img_3455.jpg,c5
train\c5\img_3493.jpg,c5
train\c5\img_3533.jpg,c5
train\c5\img_3539.jpg,c5
train\c5\img_3686.jpg,c5
train\c5\img_3705.jpg,c5
train\c5\img_3709.jpg,c5
train\c5\img_3712.jpg,c5
train\c5\img_383.jpg,c5
train\c5\img_3838.jpg,c5
train\c5\img_3899.jpg,c5
train\c5\img_3940.jpg,c5
train\c5\img_4041.jpg,c5
train\c5\img_4045.jpg,c5
train\c5\img_4083.jpg,c5
train\c5\img_4092.jpg,c5
train\c5\img_4105.jpg,c5
train\c5\img_4147.jpg,c5
train\c5\img_4166.jpg,c5
train\c5\img_4173.jpg,c5
train\c5\img_4242.jpg,c5
train\c5\img_4341.jpg,c5
train\c5\img_4344.jpg,c5
train\c5\img_4369.jpg,c5
train\c5\img_4371.jpg,c5
train\c5\img_4372.jpg,c5
train\c5\img_443.jpg,c5
train\c5\img_4438.jpg,c5
train\c5\img_444.jpg,c5
train\c5\img_457.jpg,c5
train\c5\img_464.jpg,c5
train\c5\img_4661.jpg,c5
train\c5\img_4675.jpg,c5
train\c5\img_4676.jpg,c5
train\c5\img_4699.jpg,c5
train\c5\img_4767.jpg,c5
train\c5\img_4810.jpg,c5
train\c5\img_4899.jpg,c5
train\c5\img_4940.jpg,c5
train\c5\img_4959.jpg,c5
train\c5\img_5011.jpg,c5
train\c5\img_5095.jpg,c5
train\c5\img_5101.jpg,c5
train\c5\img_5153.jpg,c5
train\c5\img_5316.jpg,c5
train\c5\img_5343.jpg,c5
train\c5\img_5411.jpg,c5
train\c5\img_5451.jpg,c5
train\c5\img_5459.jpg,c5
train\c5\img_5460.jpg,c5
train\c5\img_5482.jpg,c5
train\c5\img_5510.jpg,c5
train\c5\img_5515.jpg,c5
train\c5\img_5564.jpg,c5
train\c5\img_5584.jpg,c5
train\c5\img_56.jpg,c5
train\c5\img_5653.jpg,c5
train\c5\img_5690.jpg,c5
train\c5\img_573.jpg,c5
train\c5\img_578.jpg,c5
train\c5\img_5814.jpg,c5
train\c5\img_5822.jpg,c5
train\c5\img_5836.jpg,c5
train\c5\img_5838.jpg,c5
train\c5\img_5839.jpg,c5
train\c5\img_5875.jpg,c5
train\c5\img_5886.jpg,c5
train\c5\img_5920.jpg,c5
train\c5\img_5924.jpg,c5
train\c5\img_5941.jpg,c5
train\c5\img_5969.jpg,c5
train\c5\img_5980.jpg,c5
train\c5\img_6092.jpg,c5
train\c5\img_6101.jpg,c5
train\c5\img_6151.jpg,c5
train\c5\img_621.jpg,c5
train\c5\img_6238.jpg,c5
train\c5\img_63.jpg,c5
train\c5\img_632.jpg,c5
train\c5\img_6397.jpg,c5
train\c5\img_6475.jpg,c5
train\c5\img_6487.jpg,c5
train\c5\img_650.jpg,c5
train\c5\img_6571.jpg,c5
train\c5\img_6584.jpg,c5
train\c5\img_659.jpg,c5
train\c5\img_661.jpg,c5
train\c5\img_6644.jpg,c5
train\c5\img_6645.jpg,c5
train\c5\img_667.jpg,c5
train\c5\img_6675.jpg,c5
train\c5\img_6689.jpg,c5
train\c5\img_6690.jpg,c5
train\c5\img_6741.jpg,c5
train\c5\img_6759.jpg,c5
train\c5\img_6795.jpg,c5
train\c5\img_6816.jpg,c5
train\c5\img_6845.jpg,c5
train\c5\img_6861.jpg,c5
train\c5\img_6929.jpg,c5
train\c5\img_6964.jpg,c5
train\c5\img_6976.jpg,c5
train\c5\img_7010.jpg,c5
train\c5\img_7024.jpg,c5
train\c5\img_713.jpg,c5
train\c5\img_7132.jpg,c5
train\c5\img_7136.jpg,c5
train\c5\img_717.jpg,c5
train\c5\img_7177.jpg,c5
train\c5\img_7237.jpg,c5
train\c5\img_7296.jpg,c5
train\c5\img_7306.jpg,c5
train\c5\img_7331.jpg,c5
train\c5\img_735.jpg,c5
train\c5\img_7355.jpg,c5
train\c5\img_7374.jpg,c5
train\c5\img_7390.jpg,c5
train\c5\img_7440.jpg,c5
train\c5\img_7484.jpg,c5
train\c5\img_7490.jpg,c5
train\c5\img_7511.jpg,c5
train\c5\img_7568.jpg,c5
train\c5\img_7640.jpg,c5
train\c5\img_7648.jpg,c5
train\c5\img_7690.jpg,c5
train\c5\img_7736.jpg,c5
train\c5\img_7760.jpg,c5
train\c5\img_7779.jpg,c5
train\c5\img_7782.jpg,c5
train\c5\img_7810.jpg,c5
train\c5\img_7847.jpg,c5
train\c5\img_7915.jpg,c5
train\c5\img_796.jpg,c5
train\c5\img_8011.jpg,c5
train\c5\img_8020.jpg,c5
train\c5\img_8050.jpg,c5
train\c5\img_8094.jpg,c5
train\c5\img_8131.jpg,c5
train\c5\img_8142.jpg,c5
train\c5\img_8247.jpg,c5
train\c5\img_8261.jpg,c5
train\c5\img_8286.jpg,c5
train\c5\img_8327.jpg,c5
train\c5\img_8432.jpg,c5
train\c5\img_8443.jpg,c5
train\c5\img_8469.jpg,c5
train\c5\img_8495.jpg,c5
train\c5\img_8509.jpg,c5
train\c5\img_8521.jpg,c5
train\c5\img_8552.jpg,c5
train\c5\img_8553.jpg,c5
train\c5\img_8576.jpg,c5
train\c5\img_8619.jpg,c5
train\c5\img_8633.jpg,c5
train\c5\img_8763.jpg,c5
train\c5\img_8780.jpg,c5
train\c5\img_8802.jpg,c5
train\c5\img_8838.jpg,c5
train\c5\img_8852.jpg,c5
train\c5\img_8862.jpg,c5
train\c5\img_8930.jpg,c5
train\c5\img_8964.jpg,c5
train\c5\img_9083.jpg,c5
train\c5\img_9084.jpg,c5
train\c5\img_9096.jpg,c5
train\c5\img_9111.jpg,c5
train\c5\img_9204.jpg,c5
train\c5\img_9234.jpg,c5
train\c5\img_9276.jpg,c5
train\c5\img_9277.jpg,c5
train\c5\img_9325.jpg,c5
train\c5\img_9355.jpg,c5
train\c5\img_9369.jpg,c5
train\c5\img_9405.jpg,c5
train\c5\img_9410.jpg,c5
train\c5\img_9430.jpg,c5
train\c5\img_9539.jpg,c5
train\c5\img_9563.jpg,c5
train\c5\img_9637.jpg,c5
train\c5\img_9720.jpg,c5
train\c5\img_9723.jpg,c5
train\c5\img_9728.jpg,c5
train\c5\img_9759.jpg,c5
train\c5\img_9822.jpg,c5
train\c5\img_9835.jpg,c5
train\c5\img_9848.jpg,c5
train\c5\img_9874.jpg,c5
train\c6\img_0.jpg,c6
train\c6\img_10046.jpg,c6
train\c6\img_10133.jpg,c6
train\c6\img_10154.jpg,c6
train\c6\img_10188.jpg,c6
train\c6\img_10204.jpg,c6
train\c6\img_10291.jpg,c6
train\c6\img_10350.jpg,c6
train\c6\img_10383.jpg,c6
train\c6\img_10422.jpg,c6
train\c6\img_10431.jpg,c6
train\c6\img_10647.jpg,c6
train\c6\img_1071.jpg,c6
train\c6\img_10739.jpg,c6
train\c6\img_10777.jpg,c6
train\c6\img_10818.jpg,c6
train\c6\img_10846.jpg,c6
train\c6\img_10875.jpg,c6
train\c6\img_10918.jpg,c6
train\c6\img_10939.jpg,c6
train\c6\img_10945.jpg,c6
train\c6\img_10966.jpg,c6
train\c6\img_10979.jpg,c6
train\c6\img_1098.jpg,c6
train\c6\img_10986.jpg,c6
train\c6\img_11017.jpg,c6
train\c6\img_11132.jpg,c6
train\c6\img_11163.jpg,c6
train\c6\img_11189.jpg,c6
train\c6\img_11212.jpg,c6
train\c6\img_11267.jpg,c6
train\c6\img_11294.jpg,c6
train\c6\img_11300.jpg,c6
train\c6\img_1133.jpg,c6
train\c6\img_11342.jpg,c6
train\c6\img_11358.jpg,c6
train\c6\img_11388.jpg,c6
train\c6\img_11409.jpg,c6
train\c6\img_11449.jpg,c6
train\c6\img_1149.jpg,c6
train\c6\img_11523.jpg,c6
train\c6\img_11536.jpg,c6
train\c6\img_11611.jpg,c6
train\c6\img_11621.jpg,c6
train\c6\img_11628.jpg,c6
train\c6\img_11685.jpg,c6
train\c6\img_11726.jpg,c6
train\c6\img_11782.jpg,c6
train\c6\img_11810.jpg,c6
train\c6\img_11811.jpg,c6
train\c6\img_11817.jpg,c6
train\c6\img_11843.jpg,c6
train\c6\img_11861.jpg,c6
train\c6\img_11945.jpg,c6
train\c6\img_1198.jpg,c6
train\c6\img_11987.jpg,c6
train\c6\img_12019.jpg,c6
train\c6\img_12066.jpg,c6
train\c6\img_1207.jpg,c6
train\c6\img_12167.jpg,c6
train\c6\img_12305.jpg,c6
train\c6\img_12324.jpg,c6
train\c6\img_124.jpg,c6
train\c6\img_12448.jpg,c6
train\c6\img_1247.jpg,c6
train\c6\img_12539.jpg,c6
train\c6\img_12619.jpg,c6
train\c6\img_1262.jpg,c6
train\c6\img_12699.jpg,c6
train\c6\img_12700.jpg,c6
train\c6\img_12714.jpg,c6
train\c6\img_12727.jpg,c6
train\c6\img_12736.jpg,c6
train\c6\img_12777.jpg,c6
train\c6\img_12783.jpg,c6
train\c6\img_12824.jpg,c6
train\c6\img_12866.jpg,c6
train\c6\img_12892.jpg,c6
train\c6\img_12929.jpg,c6
train\c6\img_12961.jpg,c6
train\c6\img_12978.jpg,c6
train\c6\img_13012.jpg,c6
train\c6\img_13013.jpg,c6
train\c6\img_13053.jpg,c6
train\c6\img_13067.jpg,c6
train\c6\img_13080.jpg,c6
train\c6\img_13092.jpg,c6
train\c6\img_13137.jpg,c6
train\c6\img_13194.jpg,c6
train\c6\img_13431.jpg,c6
train\c6\img_13481.jpg,c6
train\c6\img_13497.jpg,c6
train\c6\img_13516.jpg,c6
train\c6\img_13520.jpg,c6
train\c6\img_13528.jpg,c6
train\c6\img_13545.jpg,c6
train\c6\img_13900.jpg,c6
train\c6\img_13918.jpg,c6
train\c6\img_13932.jpg,c6
train\c6\img_1399.jpg,c6
train\c6\img_14050.jpg,c6
train\c6\img_14108.jpg,c6
train\c6\img_14189.jpg,c6
train\c6\img_14206.jpg,c6
train\c6\img_1424.jpg,c6
train\c6\img_14240.jpg,c6
train\c6\img_14290.jpg,c6
train\c6\img_14351.jpg,c6
train\c6\img_14364.jpg,c6
train\c6\img_14529.jpg,c6
train\c6\img_14553.jpg,c6
train\c6\img_1457.jpg,c6
train\c6\img_1513.jpg,c6
train\c6\img_157.jpg,c6
train\c6\img_16.jpg,c6
train\c6\img_1602.jpg,c6
train\c6\img_1641.jpg,c6
train\c6\img_1766.jpg,c6
train\c6\img_1786.jpg,c6
train\c6\img_1790.jpg,c6
train\c6\img_183.jpg,c6
train\c6\img_1875.jpg,c6
train\c6\img_1906.jpg,c6
train\c6\img_1907.jpg,c6
train\c6\img_195.jpg,c6
train\c6\img_1952.jpg,c6
train\c6\img_1975.jpg,c6
train\c6\img_212.jpg,c6
train\c6\img_213.jpg,c6
train\c6\img_2145.jpg,c6
train\c6\img_2148.jpg,c6
train\c6\img_2152.jpg,c6
train\c6\img_218.jpg,c6
train\c6\img_2209.jpg,c6
train\c6\img_2239.jpg,c6
train\c6\img_2266.jpg,c6
train\c6\img_2286.jpg,c6
train\c6\img_2289.jpg,c6
train\c6\img_232.jpg,c6
train\c6\img_2339.jpg,c6
train\c6\img_2350.jpg,c6
train\c6\img_2410.jpg,c6
train\c6\img_2462.jpg,c6
train\c6\img_251.jpg,c6
train\c6\img_2515.jpg,c6
train\c6\img_2539.jpg,c6
train\c6\img_2602.jpg,c6
train\c6\img_2635.jpg,c6
train\c6\img_270.jpg,c6
train\c6\img_2745.jpg,c6
train\c6\img_2845.jpg,c6
train\c6\img_2868.jpg,c6
train\c6\img_2870.jpg,c6
train\c6\img_2882.jpg,c6
train\c6\img_2926.jpg,c6
train\c6\img_2957.jpg,c6
train\c6\img_297.jpg,c6
train\c6\img_2974.jpg,c6
train\c6\img_2998.jpg,c6
train\c6\img_3004.jpg,c6
train\c6\img_3010.jpg,c6
train\c6\img_3027.jpg,c6
train\c6\img_3037.jpg,c6
train\c6\img_3114.jpg,c6
train\c6\img_3240.jpg,c6
train\c6\img_3263.jpg,c6
train\c6\img_3319.jpg,c6
train\c6\img_3320.jpg,c6
train\c6\img_3359.jpg,c6
train\c6\img_3368.jpg,c6
train\c6\img_3430.jpg,c6
train\c6\img_3440.jpg,c6
train\c6\img_3476.jpg,c6
train\c6\img_3488.jpg,c6
train\c6\img_3564.jpg,c6
train\c6\img_3628.jpg,c6
train\c6\img_3629.jpg,c6
train\c6\img_3704.jpg,c6
train\c6\img_372.jpg,c6
train\c6\img_3757.jpg,c6
train\c6\img_3758.jpg,c6
train\c6\img_3779.jpg,c6
train\c6\img_380.jpg,c6
train\c6\img_3813.jpg,c6
train\c6\img_3850.jpg,c6
train\c6\img_397.jpg,c6
train\c6\img_3979.jpg,c6
train\c6\img_4004.jpg,c6
train\c6\img_4033.jpg,c6
train\c6\img_4062.jpg,c6
train\c6\img_4090.jpg,c6
train\c6\img_4158.jpg,c6
train\c6\img_4160.jpg,c6
train\c6\img_4175.jpg,c6
train\c6\img_4176.jpg,c6
train\c6\img_4198.jpg,c6
train\c6\img_4239.jpg,c6
train\c6\img_4269.jpg,c6
train\c6\img_4295.jpg,c6
train\c6\img_4322.jpg,c6
train\c6\img_4327.jpg,c6
train\c6\img_4453.jpg,c6
train\c6\img_4510.jpg,c6
train\c6\img_4551.jpg,c6
train\c6\img_4718.jpg,c6
train\c6\img_472.jpg,c6
train\c6\img_4720.jpg,c6
train\c6\img_4797.jpg,c6
train\c6\img_4841.jpg,c6
train\c6\img_4844.jpg,c6
train\c6\img_4846.jpg,c6
train\c6\img_4875.jpg,c6
train\c6\img_4901.jpg,c6
train\c6\img_491.jpg,c6
train\c6\img_4927.jpg,c6
train\c6\img_5045.jpg,c6
train\c6\img_508.jpg,c6
train\c6\img_5116.jpg,c6
train\c6\img_5167.jpg,c6
train\c6\img_5271.jpg,c6
train\c6\img_5297.jpg,c6
train\c6\img_5317.jpg,c6
train\c6\img_5358.jpg,c6
train\c6\img_5440.jpg,c6
train\c6\img_555.jpg,c6
train\c6\img_5556.jpg,c6
train\c6\img_5588.jpg,c6
train\c6\img_5659.jpg,c6
train\c6\img_5749.jpg,c6
train\c6\img_575.jpg,c6
train\c6\img_5783.jpg,c6
train\c6\img_5806.jpg,c6
train\c6\img_5837.jpg,c6
train\c6\img_5849.jpg,c6
train\c6\img_5881.jpg,c6
train\c6\img_5883.jpg,c6
train\c6\img_590.jpg,c6
train\c6\img_6028.jpg,c6
train\c6\img_6089.jpg,c6
train\c6\img_6127.jpg,c6
train\c6\img_6185.jpg,c6
train\c6\img_6234.jpg,c6
train\c6\img_6241.jpg,c6
train\c6\img_6285.jpg,c6
train\c6\img_6292.jpg,c6
train\c6\img_6334.jpg,c6
train\c6\img_6758.jpg,c6
train\c6\img_678.jpg,c6
train\c6\img_6784.jpg,c6
train\c6\img_6803.jpg,c6
train\c6\img_6819.jpg,c6
train\c6\img_6821.jpg,c6
train\c6\img_6860.jpg,c6
train\c6\img_6945.jpg,c6
train\c6\img_7007.jpg,c6
train\c6\img_7050.jpg,c6
train\c6\img_7101.jpg,c6
train\c6\img_7142.jpg,c6
train\c6\img_7192.jpg,c6
train\c6\img_72.jpg,c6
train\c6\img_7216.jpg,c6
train\c6\img_7372.jpg,c6
train\c6\img_7391.jpg,c6
train\c6\img_7420.jpg,c6
train\c6\img_7522.jpg,c6
train\c6\img_7597.jpg,c6
train\c6\img_7620.jpg,c6
train\c6\img_7653.jpg,c6
train\c6\img_7658.jpg,c6
train\c6\img_7659.jpg,c6
train\c6\img_7685.jpg,c6
train\c6\img_7783.jpg,c6
train\c6\img_7832.jpg,c6
train\c6\img_7857.jpg,c6
train\c6\img_7910.jpg,c6
train\c6\img_8010.jpg,c6
train\c6\img_8015.jpg,c6
train\c6\img_8017.jpg,c6
train\c6\img_8143.jpg,c6
train\c6\img_8161.jpg,c6
train\c6\img_8195.jpg,c6
train\c6\img_8223.jpg,c6
train\c6\img_8228.jpg,c6
train\c6\img_8254.jpg,c6
train\c6\img_8268.jpg,c6
train\c6\img_8356.jpg,c6
train\c6\img_8389.jpg,c6
train\c6\img_8392.jpg,c6
train\c6\img_8395.jpg,c6
train\c6\img_8412.jpg,c6
train\c6\img_8468.jpg,c6
train\c6\img_8482.jpg,c6
train\c6\img_8486.jpg,c6
train\c6\img_8497.jpg,c6
train\c6\img_8612.jpg,c6
train\c6\img_8618.jpg,c6
train\c6\img_8637.jpg,c6
train\c6\img_8662.jpg,c6
train\c6\img_8716.jpg,c6
train\c6\img_8736.jpg,c6
train\c6\img_8737.jpg,c6
train\c6\img_875.jpg,c6
train\c6\img_8779.jpg,c6
train\c6\img_879.jpg,c6
train\c6\img_8796.jpg,c6
train\c6\img_8901.jpg,c6
train\c6\img_8918.jpg,c6
train\c6\img_8939.jpg,c6
train\c6\img_8947.jpg,c6
train\c6\img_9045.jpg,c6
train\c6\img_9120.jpg,c6
train\c6\img_9164.jpg,c6
train\c6\img_9165.jpg,c6
train\c6\img_9263.jpg,c6
train\c6\img_9275.jpg,c6
train\c6\img_9292.jpg,c6
train\c6\img_9299.jpg,c6
train\c6\img_9314.jpg,c6
train\c6\img_9316.jpg,c6
train\c6\img_9332.jpg,c6
train\c6\img_9396.jpg,c6
train\c6\img_9401.jpg,c6
train\c6\img_9426.jpg,c6
train\c6\img_9435.jpg,c6
train\c6\img_9492.jpg,c6
train\c6\img_9531.jpg,c6
train\c6\img_9542.jpg,c6
train\c6\img_9615.jpg,c6
train\c6\img_9650.jpg,c6
train\c6\img_9675.jpg,c6
train\c6\img_9680.jpg,c6
train\c6\img_9704.jpg,c6
train\c6\img_971.jpg,c6
train\c6\img_9741.jpg,c6
train\c6\img_9994.jpg,c6
train\c6\img_9998.jpg,c6
train\c7\img_10039.jpg,c7
train\c7\img_10094.jpg,c7
train\c7\img_1010.jpg,c7
train\c7\img_1019.jpg,c7
train\c7\img_102.jpg,c7
train\c7\img_10213.jpg,c7
train\c7\img_10233.jpg,c7
train\c7\img_10252.jpg,c7
train\c7\img_10255.jpg,c7
train\c7\img_10308.jpg,c7
train\c7\img_10478.jpg,c7
train\c7\img_10479.jpg,c7
train\c7\img_10535.jpg,c7
train\c7\img_10591.jpg,c7
train\c7\img_10672.jpg,c7
train\c7\img_10693.jpg,c7
train\c7\img_10696.jpg,c7
train\c7\img_10698.jpg,c7
train\c7\img_10733.jpg,c7
train\c7\img_1086.jpg,c7
train\c7\img_10919.jpg,c7
train\c7\img_10922.jpg,c7
train\c7\img_10944.jpg,c7
train\c7\img_10950.jpg,c7
train\c7\img_10961.jpg,c7
train\c7\img_10974.jpg,c7
train\c7\img_11004.jpg,c7
train\c7\img_1104.jpg,c7
train\c7\img_11047.jpg,c7
train\c7\img_11057.jpg,c7
train\c7\img_11121.jpg,c7
train\c7\img_11140.jpg,c7
train\c7\img_11159.jpg,c7
train\c7\img_11192.jpg,c7
train\c7\img_11196.jpg,c7
train\c7\img_11237.jpg,c7
train\c7\img_11416.jpg,c7
train\c7\img_11423.jpg,c7
train\c7\img_1148.jpg,c7
train\c7\img_11499.jpg,c7
train\c7\img_11549.jpg,c7
train\c7\img_11561.jpg,c7
train\c7\img_11592.jpg,c7
train\c7\img_116.jpg,c7
train\c7\img_1160.jpg,c7
train\c7\img_11763.jpg,c7
train\c7\img_11768.jpg,c7
train\c7\img_11777.jpg,c7
train\c7\img_11784.jpg,c7
train\c7\img_11809.jpg,c7
train\c7\img_11864.jpg,c7
train\c7\img_12163.jpg,c7
train\c7\img_12164.jpg,c7
train\c7\img_12189.jpg,c7
train\c7\img_12193.jpg,c7
train\c7\img_1220.jpg,c7
train\c7\img_12267.jpg,c7
train\c7\img_12281.jpg,c7
train\c7\img_12283.jpg,c7
train\c7\img_12401.jpg,c7
train\c7\img_12479.jpg,c7
train\c7\img_12630.jpg,c7
train\c7\img_12658.jpg,c7
train\c7\img_12744.jpg,c7
train\c7\img_12876.jpg,c7
train\c7\img_12902.jpg,c7
train\c7\img_13022.jpg,c7
train\c7\img_13095.jpg,c7
train\c7\img_13144.jpg,c7
train\c7\img_13146.jpg,c7
train\c7\img_13174.jpg,c7
train\c7\img_13206.jpg,c7
train\c7\img_13229.jpg,c7
train\c7\img_13259.jpg,c7
train\c7\img_133.jpg,c7
train\c7\img_13321.jpg,c7
train\c7\img_13401.jpg,c7
train\c7\img_13483.jpg,c7
train\c7\img_13515.jpg,c7
train\c7\img_13540.jpg,c7
train\c7\img_13562.jpg,c7
train\c7\img_13568.jpg,c7
train\c7\img_13668.jpg,c7
train\c7\img_13803.jpg,c7
train\c7\img_13805.jpg,c7
train\c7\img_13873.jpg,c7
train\c7\img_13952.jpg,c7
train\c7\img_14025.jpg,c7
train\c7\img_14198.jpg,c7
train\c7\img_14205.jpg,c7
train\c7\img_14271.jpg,c7
train\c7\img_14321.jpg,c7
train\c7\img_14424.jpg,c7
train\c7\img_14430.jpg,c7
train\c7\img_1444.jpg,c7
train\c7\img_14510.jpg,c7
train\c7\img_14581.jpg,c7
train\c7\img_14644.jpg,c7
train\c7\img_14679.jpg,c7
train\c7\img_14695.jpg,c7
train\c7\img_14783.jpg,c7
train\c7\img_14785.jpg,c7
train\c7\img_14810.jpg,c7
train\c7\img_14920.jpg,c7
train\c7\img_1498.jpg,c7
train\c7\img_14986.jpg,c7
train\c7\img_15005.jpg,c7
train\c7\img_1514.jpg,c7
train\c7\img_1532.jpg,c7
train\c7\img_1564.jpg,c7
train\c7\img_1644.jpg,c7
train\c7\img_1677.jpg,c7
train\c7\img_1687.jpg,c7
train\c7\img_1752.jpg,c7
train\c7\img_1881.jpg,c7
train\c7\img_1918.jpg,c7
train\c7\img_1974.jpg,c7
train\c7\img_1990.jpg,c7
train\c7\img_2015.jpg,c7
train\c7\img_2020.jpg,c7
train\c7\img_2023.jpg,c7
train\c7\img_2144.jpg,c7
train\c7\img_2159.jpg,c7
train\c7\img_233.jpg,c7
train\c7\img_2401.jpg,c7
train\c7\img_2426.jpg,c7
train\c7\img_2434.jpg,c7
train\c7\img_2511.jpg,c7
train\c7\img_2594.jpg,c7
train\c7\img_2620.jpg,c7
train\c7\img_2757.jpg,c7
train\c7\img_2786.jpg,c7
train\c7\img_2841.jpg,c7
train\c7\img_2879.jpg,c7
train\c7\img_2914.jpg,c7
train\c7\img_3000.jpg,c7
train\c7\img_3007.jpg,c7
train\c7\img_3012.jpg,c7
train\c7\img_3109.jpg,c7
train\c7\img_3195.jpg,c7
train\c7\img_3382.jpg,c7
train\c7\img_340.jpg,c7
train\c7\img_3407.jpg,c7
train\c7\img_3469.jpg,c7
train\c7\img_3489.jpg,c7
train\c7\img_3635.jpg,c7
train\c7\img_3643.jpg,c7
train\c7\img_3648.jpg,c7
train\c7\img_3657.jpg,c7
train\c7\img_3661.jpg,c7
train\c7\img_3691.jpg,c7
train\c7\img_3888.jpg,c7
train\c7\img_3906.jpg,c7
train\c7\img_394.jpg,c7
train\c7\img_3969.jpg,c7
train\c7\img_398.jpg,c7
train\c7\img_4022.jpg,c7
train\c7\img_4186.jpg,c7
train\c7\img_4199.jpg,c7
train\c7\img_421.jpg,c7
train\c7\img_4292.jpg,c7
train\c7\img_4463.jpg,c7
train\c7\img_4504.jpg,c7
train\c7\img_4505.jpg,c7
train\c7\img_4511.jpg,c7
train\c7\img_4617.jpg,c7
train\c7\img_4672.jpg,c7
train\c7\img_4695.jpg,c7
train\c7\img_4732.jpg,c7
train\c7\img_4768.jpg,c7
train\c7\img_4849.jpg,c7
train\c7\img_4904.jpg,c7
train\c7\img_4921.jpg,c7
train\c7\img_5037.jpg,c7
train\c7\img_5046.jpg,c7
train\c7\img_5064.jpg,c7
train\c7\img_5096.jpg,c7
train\c7\img_5106.jpg,c7
train\c7\img_5164.jpg,c7
train\c7\img_5175.jpg,c7
train\c7\img_5208.jpg,c7
train\c7\img_5241.jpg,c7
train\c7\img_5248.jpg,c7
train\c7\img_5264.jpg,c7
train\c7\img_5356.jpg,c7
train\c7\img_5609.jpg,c7
train\c7\img_5610.jpg,c7
train\c7\img_5627.jpg,c7
train\c7\img_5654.jpg,c7
train\c7\img_566.jpg,c7
train\c7\img_5706.jpg,c7
train\c7\img_5715.jpg,c7
train\c7\img_5741.jpg,c7
train\c7\img_5753.jpg,c7
train\c7\img_5771.jpg,c7
train\c7\img_5861.jpg,c7
train\c7\img_5912.jpg,c7
train\c7\img_5933.jpg,c7
train\c7\img_5940.jpg,c7
train\c7\img_602.jpg,c7
train\c7\img_6057.jpg,c7
train\c7\img_6060.jpg,c7
train\c7\img_6061.jpg,c7
train\c7\img_6086.jpg,c7
train\c7\img_629.jpg,c7
train\c7\img_6364.jpg,c7
train\c7\img_6405.jpg,c7
train\c7\img_6409.jpg,c7
train\c7\img_6416.jpg,c7
train\c7\img_6432.jpg,c7
train\c7\img_6484.jpg,c7
train\c7\img_6497.jpg,c7
train\c7\img_652.jpg,c7
train\c7\img_6552.jpg,c7
train\c7\img_6576.jpg,c7
train\c7\img_6679.jpg,c7
train\c7\img_6715.jpg,c7
train\c7\img_6732.jpg,c7
train\c7\img_6778.jpg,c7
train\c7\img_6787.jpg,c7
train\c7\img_6810.jpg,c7
train\c7\img_6939.jpg,c7
train\c7\img_6949.jpg,c7
train\c7\img_6971.jpg,c7
train\c7\img_7040.jpg,c7
train\c7\img_7107.jpg,c7
train\c7\img_7125.jpg,c7
train\c7\img_7130.jpg,c7
train\c7\img_7145.jpg,c7
train\c7\img_7183.jpg,c7
train\c7\img_719.jpg,c7
train\c7\img_727.jpg,c7
train\c7\img_729.jpg,c7
train\c7\img_7303.jpg,c7
train\c7\img_7328.jpg,c7
train\c7\img_7344.jpg,c7
train\c7\img_7398.jpg,c7
train\c7\img_7409.jpg,c7
train\c7\img_7414.jpg,c7
train\c7\img_7462.jpg,c7
train\c7\img_7566.jpg,c7
train\c7\img_7647.jpg,c7
train\c7\img_7657.jpg,c7
train\c7\img_7776.jpg,c7
train\c7\img_7907.jpg,c7
train\c7\img_7913.jpg,c7
train\c7\img_792.jpg,c7
train\c7\img_794.jpg,c7
train\c7\img_8032.jpg,c7
train\c7\img_8065.jpg,c7
train\c7\img_81.jpg,c7
train\c7\img_8152.jpg,c7
train\c7\img_8248.jpg,c7
train\c7\img_8281.jpg,c7
train\c7\img_8300.jpg,c7
train\c7\img_8399.jpg,c7
train\c7\img_8442.jpg,c7
train\c7\img_845.jpg,c7
train\c7\img_8463.jpg,c7
train\c7\img_8555.jpg,c7
train\c7\img_8641.jpg,c7
train\c7\img_8656.jpg,c7
train\c7\img_8744.jpg,c7
train\c7\img_8748.jpg,c7
train\c7\img_8764.jpg,c7
train\c7\img_8771.jpg,c7
train\c7\img_8778.jpg,c7
train\c7\img_8817.jpg,c7
train\c7\img_8851.jpg,c7
train\c7\img_8897.jpg,c7
train\c7\img_8968.jpg,c7
train\c7\img_8971.jpg,c7
train\c7\img_8997.jpg,c7
train\c7\img_9012.jpg,c7
train\c7\img_904.jpg,c7
train\c7\img_9042.jpg,c7
train\c7\img_9043.jpg,c7
train\c7\img_9082.jpg,c7
train\c7\img_9144.jpg,c7
train\c7\img_9253.jpg,c7
train\c7\img_9352.jpg,c7
train\c7\img_939.jpg,c7
train\c7\img_9408.jpg,c7
train\c7\img_9411.jpg,c7
train\c7\img_947.jpg,c7
train\c7\img_9508.jpg,c7
train\c7\img_9522.jpg,c7
train\c7\img_9616.jpg,c7
train\c7\img_9647.jpg,c7
train\c7\img_9657.jpg,c7
train\c7\img_9666.jpg,c7
train\c7\img_9763.jpg,c7
train\c7\img_9768.jpg,c7
train\c7\img_9782.jpg,c7
train\c7\img_9787.jpg,c7
train\c7\img_9827.jpg,c7
train\c7\img_9882.jpg,c7
train\c7\img_9892.jpg,c7
train\c7\img_9897.jpg,c7
train\c7\img_995.jpg,c7
train\c8\img_10080.jpg,c8
train\c8\img_10147.jpg,c8
train\c8\img_10191.jpg,c8
train\c8\img_10199.jpg,c8
train\c8\img_10273.jpg,c8
train\c8\img_10352.jpg,c8
train\c8\img_10359.jpg,c8
train\c8\img_10361.jpg,c8
train\c8\img_10420.jpg,c8
train\c8\img_1057.jpg,c8
train\c8\img_10580.jpg,c8
train\c8\img_1062.jpg,c8
train\c8\img_10650.jpg,c8
train\c8\img_10658.jpg,c8
train\c8\img_10706.jpg,c8
train\c8\img_108.jpg,c8
train\c8\img_10861.jpg,c8
train\c8\img_10867.jpg,c8
train\c8\img_10996.jpg,c8
train\c8\img_11103.jpg,c8
train\c8\img_11182.jpg,c8
train\c8\img_11315.jpg,c8
train\c8\img_11324.jpg,c8
train\c8\img_11339.jpg,c8
train\c8\img_11357.jpg,c8
train\c8\img_11417.jpg,c8
train\c8\img_1146.jpg,c8
train\c8\img_11470.jpg,c8
train\c8\img_11472.jpg,c8
train\c8\img_11497.jpg,c8
train\c8\img_11508.jpg,c8
train\c8\img_11529.jpg,c8
train\c8\img_11557.jpg,c8
train\c8\img_11702.jpg,c8
train\c8\img_11718.jpg,c8
train\c8\img_11769.jpg,c8
train\c8\img_11798.jpg,c8
train\c8\img_11896.jpg,c8
train\c8\img_11924.jpg,c8
train\c8\img_11932.jpg,c8
train\c8\img_11990.jpg,c8
train\c8\img_12008.jpg,c8
train\c8\img_12025.jpg,c8
train\c8\img_12041.jpg,c8
train\c8\img_12047.jpg,c8
train\c8\img_12069.jpg,c8
train\c8\img_12151.jpg,c8
train\c8\img_12188.jpg,c8
train\c8\img_12231.jpg,c8
train\c8\img_12294.jpg,c8
train\c8\img_12354.jpg,c8
train\c8\img_12358.jpg,c8
train\c8\img_12390.jpg,c8
train\c8\img_12485.jpg,c8
train\c8\img_12535.jpg,c8
train\c8\img_12575.jpg,c8
train\c8\img_12635.jpg,c8
train\c8\img_12638.jpg,c8
train\c8\img_12704.jpg,c8
train\c8\img_12731.jpg,c8
train\c8\img_1282.jpg,c8
train\c8\img_12886.jpg,c8
train\c8\img_12981.jpg,c8
train\c8\img_12991.jpg,c8
train\c8\img_13090.jpg,c8
train\c8\img_13099.jpg,c8
train\c8\img_13129.jpg,c8
train\c8\img_13213.jpg,c8
train\c8\img_13308.jpg,c8
train\c8\img_13371.jpg,c8
train\c8\img_1338.jpg,c8
train\c8\img_13387.jpg,c8
train\c8\img_13438.jpg,c8
train\c8\img_13465.jpg,c8
train\c8\img_13480.jpg,c8
train\c8\img_13495.jpg,c8
train\c8\img_13505.jpg,c8
train\c8\img_13599.jpg,c8
train\c8\img_13646.jpg,c8
train\c8\img_13647.jpg,c8
train\c8\img_13752.jpg,c8
train\c8\img_13807.jpg,c8
train\c8\img_13868.jpg,c8
train\c8\img_13958.jpg,c8
train\c8\img_14072.jpg,c8
train\c8\img_14084.jpg,c8
train\c8\img_14159.jpg,c8
train\c8\img_14232.jpg,c8
train\c8\img_14333.jpg,c8
train\c8\img_14339.jpg,c8
train\c8\img_14402.jpg,c8
train\c8\img_14494.jpg,c8
train\c8\img_14560.jpg,c8
train\c8\img_14667.jpg,c8
train\c8\img_14814.jpg,c8
train\c8\img_1493.jpg,c8
train\c8\img_14931.jpg,c8
train\c8\img_15011.jpg,c8
train\c8\img_15160.jpg,c8
train\c8\img_15203.jpg,c8
train\c8\img_15244.jpg,c8
train\c8\img_15331.jpg,c8
train\c8\img_15381.jpg,c8
train\c8\img_1540.jpg,c8
train\c8\img_15408.jpg,c8
train\c8\img_15437.jpg,c8
train\c8\img_15441.jpg,c8
train\c8\img_1554.jpg,c8
train\c8\img_15562.jpg,c8
train\c8\img_1567.jpg,c8
train\c8\img_15792.jpg,c8
train\c8\img_15878.jpg,c8
train\c8\img_15914.jpg,c8
train\c8\img_15918.jpg,c8
train\c8\img_16028.jpg,c8
train\c8\img_16114.jpg,c8
train\c8\img_16138.jpg,c8
train\c8\img_1614.jpg,c8
train\c8\img_16143.jpg,c8
train\c8\img_16149.jpg,c8
train\c8\img_16283.jpg,c8
train\c8\img_16302.jpg,c8
train\c8\img_16321.jpg,c8
train\c8\img_16326.jpg,c8
train\c8\img_16529.jpg,c8
train\c8\img_16530.jpg,c8
train\c8\img_16623.jpg,c8
train\c8\img_16728.jpg,c8
train\c8\img_16782.jpg,c8
train\c8\img_16820.jpg,c8
train\c8\img_16872.jpg,c8
train\c8\img_16874.jpg,c8
train\c8\img_16971.jpg,c8
train\c8\img_16984.jpg,c8
train\c8\img_1699.jpg,c8
train\c8\img_17006.jpg,c8
train\c8\img_17009.jpg,c8
train\c8\img_1702.jpg,c8
train\c8\img_17024.jpg,c8
train\c8\img_17167.jpg,c8
train\c8\img_17273.jpg,c8
train\c8\img_17280.jpg,c8
train\c8\img_17479.jpg,c8
train\c8\img_17480.jpg,c8
train\c8\img_17506.jpg,c8
train\c8\img_17534.jpg,c8
train\c8\img_17613.jpg,c8
train\c8\img_17643.jpg,c8
train\c8\img_17661.jpg,c8
train\c8\img_17827.jpg,c8
train\c8\img_17854.jpg,c8
train\c8\img_17897.jpg,c8
train\c8\img_17950.jpg,c8
train\c8\img_18000.jpg,c8
train\c8\img_1808.jpg,c8
train\c8\img_18091.jpg,c8
train\c8\img_18111.jpg,c8
train\c8\img_18268.jpg,c8
train\c8\img_18354.jpg,c8
train\c8\img_18406.jpg,c8
train\c8\img_1842.jpg,c8
train\c8\img_18432.jpg,c8
train\c8\img_18454.jpg,c8
train\c8\img_18476.jpg,c8
train\c8\img_18575.jpg,c8
train\c8\img_18583.jpg,c8
train\c8\img_18645.jpg,c8
train\c8\img_18701.jpg,c8
train\c8\img_18737.jpg,c8
train\c8\img_18750.jpg,c8
train\c8\img_18790.jpg,c8
train\c8\img_18817.jpg,c8
train\c8\img_18851.jpg,c8
train\c8\img_18894.jpg,c8
train\c8\img_18910.jpg,c8
train\c8\img_18970.jpg,c8
train\c8\img_19021.jpg,c8
train\c8\img_19078.jpg,c8
train\c8\img_19085.jpg,c8
train\c8\img_19204.jpg,c8
train\c8\img_19224.jpg,c8
train\c8\img_19323.jpg,c8
train\c8\img_19381.jpg,c8
train\c8\img_19399.jpg,c8
train\c8\img_19443.jpg,c8
train\c8\img_19450.jpg,c8
train\c8\img_19530.jpg,c8
train\c8\img_19543.jpg,c8
train\c8\img_19559.jpg,c8
train\c8\img_19585.jpg,c8
train\c8\img_19616.jpg,c8
train\c8\img_1973.jpg,c8
train\c8\img_2006.jpg,c8
train\c8\img_2009.jpg,c8
train\c8\img_2116.jpg,c8
train\c8\img_2133.jpg,c8
train\c8\img_2153.jpg,c8
train\c8\img_2362.jpg,c8
train\c8\img_2378.jpg,c8
train\c8\img_2409.jpg,c8
train\c8\img_2421.jpg,c8
train\c8\img_2464.jpg,c8
train\c8\img_247.jpg,c8
train\c8\img_2494.jpg,c8
train\c8\img_2556.jpg,c8
train\c8\img_26.jpg,c8
train\c8\img_2667.jpg,c8
train\c8\img_2832.jpg,c8
train\c8\img_2861.jpg,c8
train\c8\img_2876.jpg,c8
train\c8\img_2902.jpg,c8
train\c8\img_2958.jpg,c8
train\c8\img_302.jpg,c8
train\c8\img_3131.jpg,c8
train\c8\img_3149.jpg,c8
train\c8\img_3171.jpg,c8
train\c8\img_3371.jpg,c8
train\c8\img_3395.jpg,c8
train\c8\img_3471.jpg,c8
train\c8\img_3632.jpg,c8
train\c8\img_3735.jpg,c8
train\c8\img_3835.jpg,c8
train\c8\img_3945.jpg,c8
train\c8\img_3948.jpg,c8
train\c8\img_3961.jpg,c8
train\c8\img_3967.jpg,c8
train\c8\img_4128.jpg,c8
train\c8\img_420.jpg,c8
train\c8\img_4205.jpg,c8
train\c8\img_4207.jpg,c8
train\c8\img_4232.jpg,c8
train\c8\img_4238.jpg,c8
train\c8\img_4308.jpg,c8
train\c8\img_4365.jpg,c8
train\c8\img_4384.jpg,c8
train\c8\img_4409.jpg,c8
train\c8\img_4520.jpg,c8
train\c8\img_4521.jpg,c8
train\c8\img_4664.jpg,c8
train\c8\img_4734.jpg,c8
train\c8\img_4809.jpg,c8
train\c8\img_4823.jpg,c8
train\c8\img_4853.jpg,c8
train\c8\img_4866.jpg,c8
train\c8\img_4998.jpg,c8
train\c8\img_5003.jpg,c8
train\c8\img_5005.jpg,c8
train\c8\img_5008.jpg,c8
train\c8\img_5039.jpg,c8
train\c8\img_5065.jpg,c8
train\c8\img_5160.jpg,c8
train\c8\img_521.jpg,c8
train\c8\img_531.jpg,c8
train\c8\img_5355.jpg,c8
train\c8\img_5364.jpg,c8
train\c8\img_5365.jpg,c8
train\c8\img_5377.jpg,c8
train\c8\img_5383.jpg,c8
train\c8\img_5430.jpg,c8
train\c8\img_5474.jpg,c8
train\c8\img_5498.jpg,c8
train\c8\img_5538.jpg,c8
train\c8\img_5586.jpg,c8
train\c8\img_5840.jpg,c8
train\c8\img_5913.jpg,c8
train\c8\img_5921.jpg,c8
train\c8\img_5978.jpg,c8
train\c8\img_6070.jpg,c8
train\c8\img_6117.jpg,c8
train\c8\img_6272.jpg,c8
train\c8\img_6289.jpg,c8
train\c8\img_6374.jpg,c8
train\c8\img_6399.jpg,c8
train\c8\img_6462.jpg,c8
train\c8\img_6600.jpg,c8
train\c8\img_6628.jpg,c8
train\c8\img_6680.jpg,c8
train\c8\img_671.jpg,c8
train\c8\img_6753.jpg,c8
train\c8\img_6791.jpg,c8
train\c8\img_6884.jpg,c8
train\c8\img_6916.jpg,c8
train\c8\img_6970.jpg,c8
train\c8\img_6996.jpg,c8
train\c8\img_7013.jpg,c8
train\c8\img_7056.jpg,c8
train\c8\img_711.jpg,c8
train\c8\img_7128.jpg,c8
train\c8\img_7186.jpg,c8
train\c8\img_7188.jpg,c8
train\c8\img_7203.jpg,c8
train\c8\img_7287.jpg,c8
train\c8\img_7325.jpg,c8
train\c8\img_7407.jpg,c8
train\c8\img_7514.jpg,c8
train\c8\img_7559.jpg,c8
train\c8\img_7590.jpg,c8
train\c8\img_7757.jpg,c8
train\c8\img_7887.jpg,c8
train\c8\img_7905.jpg,c8
train\c8\img_7923.jpg,c8
train\c8\img_7932.jpg,c8
train\c8\img_7935.jpg,c8
train\c8\img_7974.jpg,c8
train\c8\img_798.jpg,c8
train\c8\img_7999.jpg,c8
train\c8\img_812.jpg,c8
train\c8\img_8219.jpg,c8
train\c8\img_8245.jpg,c8
train\c8\img_8407.jpg,c8
train\c8\img_8431.jpg,c8
train\c8\img_8450.jpg,c8
train\c8\img_8461.jpg,c8
train\c8\img_8489.jpg,c8
train\c8\img_8547.jpg,c8
train\c8\img_8605.jpg,c8
train\c8\img_8613.jpg,c8
train\c8\img_8631.jpg,c8
train\c8\img_8649.jpg,c8
train\c8\img_8652.jpg,c8
train\c8\img_8658.jpg,c8
train\c8\img_8735.jpg,c8
train\c8\img_874.jpg,c8
train\c8\img_8759.jpg,c8
train\c8\img_8860.jpg,c8
train\c8\img_887.jpg,c8
train\c8\img_895.jpg,c8
train\c8\img_9104.jpg,c8
train\c8\img_9128.jpg,c8
train\c8\img_921.jpg,c8
train\c8\img_9212.jpg,c8
train\c8\img_922.jpg,c8
train\c8\img_926.jpg,c8
train\c8\img_9282.jpg,c8
train\c8\img_9449.jpg,c8
train\c8\img_9459.jpg,c8
train\c8\img_9464.jpg,c8
train\c8\img_9471.jpg,c8
train\c8\img_9499.jpg,c8
train\c8\img_9537.jpg,c8
train\c8\img_9578.jpg,c8
train\c8\img_9581.jpg,c8
train\c8\img_9596.jpg,c8
train\c8\img_9649.jpg,c8
train\c8\img_9792.jpg,c8
train\c8\img_9890.jpg,c8
train\c9\img_10090.jpg,c9
train\c9\img_10093.jpg,c9
train\c9\img_10102.jpg,c9
train\c9\img_1012.jpg,c9
train\c9\img_10215.jpg,c9
train\c9\img_10224.jpg,c9
train\c9\img_10232.jpg,c9
train\c9\img_10239.jpg,c9
train\c9\img_10399.jpg,c9
train\c9\img_1055.jpg,c9
train\c9\img_10550.jpg,c9
train\c9\img_10560.jpg,c9
train\c9\img_10588.jpg,c9
train\c9\img_10589.jpg,c9
train\c9\img_10592.jpg,c9
train\c9\img_1069.jpg,c9
train\c9\img_10731.jpg,c9
train\c9\img_10755.jpg,c9
train\c9\img_10841.jpg,c9
train\c9\img_10917.jpg,c9
train\c9\img_1113.jpg,c9
train\c9\img_11167.jpg,c9
train\c9\img_11175.jpg,c9
train\c9\img_1125.jpg,c9
train\c9\img_11328.jpg,c9
train\c9\img_11421.jpg,c9
train\c9\img_11502.jpg,c9
train\c9\img_11516.jpg,c9
train\c9\img_11528.jpg,c9
train\c9\img_11540.jpg,c9
train\c9\img_11545.jpg,c9
train\c9\img_11577.jpg,c9
train\c9\img_11642.jpg,c9
train\c9\img_11654.jpg,c9
train\c9\img_11675.jpg,c9
train\c9\img_11850.jpg,c9
train\c9\img_1190.jpg,c9
train\c9\img_11949.jpg,c9
train\c9\img_11964.jpg,c9
train\c9\img_11997.jpg,c9
train\c9\img_12000.jpg,c9
train\c9\img_12001.jpg,c9
train\c9\img_12046.jpg,c9
train\c9\img_12154.jpg,c9
train\c9\img_12295.jpg,c9
train\c9\img_12338.jpg,c9
train\c9\img_12419.jpg,c9
train\c9\img_12459.jpg,c9
train\c9\img_12473.jpg,c9
train\c9\img_125.jpg,c9
train\c9\img_12532.jpg,c9
train\c9\img_1254.jpg,c9
train\c9\img_12548.jpg,c9
train\c9\img_12559.jpg,c9
train\c9\img_12588.jpg,c9
train\c9\img_12607.jpg,c9
train\c9\img_12633.jpg,c9
train\c9\img_12651.jpg,c9
train\c9\img_12677.jpg,c9
train\c9\img_12721.jpg,c9
train\c9\img_12780.jpg,c9
train\c9\img_12816.jpg,c9
train\c9\img_12890.jpg,c9
train\c9\img_12998.jpg,c9
train\c9\img_1303.jpg,c9
train\c9\img_13059.jpg,c9
train\c9\img_13118.jpg,c9
train\c9\img_13204.jpg,c9
train\c9\img_13253.jpg,c9
train\c9\img_13314.jpg,c9
train\c9\img_13318.jpg,c9
train\c9\img_13396.jpg,c9
train\c9\img_13398.jpg,c9
train\c9\img_13447.jpg,c9
train\c9\img_13513.jpg,c9
train\c9\img_13541.jpg,c9
train\c9\img_13582.jpg,c9
train\c9\img_13605.jpg,c9
train\c9\img_13625.jpg,c9
train\c9\img_13634.jpg,c9
train\c9\img_13664.jpg,c9
train\c9\img_13762.jpg,c9
train\c9\img_13786.jpg,c9
train\c9\img_13876.jpg,c9
train\c9\img_13902.jpg,c9
train\c9\img_13970.jpg,c9
train\c9\img_13982.jpg,c9
train\c9\img_13996.jpg,c9
train\c9\img_13997.jpg,c9
train\c9\img_14056.jpg,c9
train\c9\img_14077.jpg,c9
train\c9\img_14107.jpg,c9
train\c9\img_14162.jpg,c9
train\c9\img_14227.jpg,c9
train\c9\img_14238.jpg,c9
train\c9\img_14288.jpg,c9
train\c9\img_14315.jpg,c9
train\c9\img_14344.jpg,c9
train\c9\img_14357.jpg,c9
train\c9\img_144.jpg,c9
train\c9\img_14413.jpg,c9
train\c9\img_14483.jpg,c9
train\c9\img_14491.jpg,c9
train\c9\img_14640.jpg,c9
train\c9\img_14654.jpg,c9
train\c9\img_14657.jpg,c9
train\c9\img_14660.jpg,c9
train\c9\img_14737.jpg,c9
train\c9\img_14778.jpg,c9
train\c9\img_14866.jpg,c9
train\c9\img_14932.jpg,c9
train\c9\img_14974.jpg,c9
train\c9\img_14991.jpg,c9
train\c9\img_15013.jpg,c9
train\c9\img_15164.jpg,c9
train\c9\img_15180.jpg,c9
train\c9\img_15313.jpg,c9
train\c9\img_15374.jpg,c9
train\c9\img_154.jpg,c9
train\c9\img_15417.jpg,c9
train\c9\img_15429.jpg,c9
train\c9\img_15454.jpg,c9
train\c9\img_15496.jpg,c9
train\c9\img_15534.jpg,c9
train\c9\img_15564.jpg,c9
train\c9\img_15583.jpg,c9
train\c9\img_15589.jpg,c9
train\c9\img_15604.jpg,c9
train\c9\img_15614.jpg,c9
train\c9\img_15707.jpg,c9
train\c9\img_15715.jpg,c9
train\c9\img_15736.jpg,c9
train\c9\img_15772.jpg,c9
train\c9\img_15777.jpg,c9
train\c9\img_15827.jpg,c9
train\c9\img_16132.jpg,c9
train\c9\img_16153.jpg,c9
train\c9\img_16182.jpg,c9
train\c9\img_16331.jpg,c9
train\c9\img_16428.jpg,c9
train\c9\img_16448.jpg,c9
train\c9\img_16479.jpg,c9
train\c9\img_16498.jpg,c9
train\c9\img_16586.jpg,c9
train\c9\img_16606.jpg,c9
train\c9\img_1671.jpg,c9
train\c9\img_19.jpg,c9
train\c9\img_2051.jpg,c9
train\c9\img_2267.jpg,c9
train\c9\img_2370.jpg,c9
train\c9\img_2412.jpg,c9
train\c9\img_2445.jpg,c9
train\c9\img_2454.jpg,c9
train\c9\img_2476.jpg,c9
train\c9\img_2514.jpg,c9
train\c9\img_2523.jpg,c9
train\c9\img_2588.jpg,c9
train\c9\img_2610.jpg,c9
train\c9\img_2723.jpg,c9
train\c9\img_2753.jpg,c9
train\c9\img_2925.jpg,c9
train\c9\img_294.jpg,c9
train\c9\img_2955.jpg,c9
train\c9\img_3084.jpg,c9
train\c9\img_312.jpg,c9
train\c9\img_3155.jpg,c9
train\c9\img_3214.jpg,c9
train\c9\img_325.jpg,c9
train\c9\img_3281.jpg,c9
train\c9\img_3318.jpg,c9
train\c9\img_3324.jpg,c9
train\c9\img_337.jpg,c9
train\c9\img_3484.jpg,c9
train\c9\img_3512.jpg,c9
train\c9\img_3606.jpg,c9
train\c9\img_3700.jpg,c9
train\c9\img_3717.jpg,c9
train\c9\img_382.jpg,c9
train\c9\img_3834.jpg,c9
train\c9\img_3845.jpg,c9
train\c9\img_3854.jpg,c9
train\c9\img_3965.jpg,c9
train\c9\img_4064.jpg,c9
train\c9\img_4102.jpg,c9
train\c9\img_4141.jpg,c9
train\c9\img_4162.jpg,c9
train\c9\img_4227.jpg,c9
train\c9\img_4235.jpg,c9
train\c9\img_4275.jpg,c9
train\c9\img_4296.jpg,c9
train\c9\img_4530.jpg,c9
train\c9\img_4541.jpg,c9
train\c9\img_4588.jpg,c9
train\c9\img_4597.jpg,c9
train\c9\img_4658.jpg,c9
train\c9\img_487.jpg,c9
train\c9\img_4884.jpg,c9
train\c9\img_493.jpg,c9
train\c9\img_50.jpg,c9
train\c9\img_5000.jpg,c9
train\c9\img_5070.jpg,c9
train\c9\img_5104.jpg,c9
train\c9\img_5163.jpg,c9
train\c9\img_5177.jpg,c9
train\c9\img_5229.jpg,c9
train\c9\img_523.jpg,c9
train\c9\img_5335.jpg,c9
train\c9\img_5341.jpg,c9
train\c9\img_5361.jpg,c9
train\c9\img_5396.jpg,c9
train\c9\img_54.jpg,c9
train\c9\img_548.jpg,c9
train\c9\img_55.jpg,c9
train\c9\img_5624.jpg,c9
train\c9\img_5779.jpg,c9
train\c9\img_579.jpg,c9
train\c9\img_5799.jpg,c9
train\c9\img_5855.jpg,c9
train\c9\img_5930.jpg,c9
train\c9\img_599.jpg,c9
train\c9\img_60.jpg,c9
train\c9\img_6000.jpg,c9
train\c9\img_6045.jpg,c9
train\c9\img_607.jpg,c9
train\c9\img_6084.jpg,c9
train\c9\img_6149.jpg,c9
train\c9\img_631.jpg,c9
train\c9\img_6620.jpg,c9
train\c9\img_6919.jpg,c9
train\c9\img_715.jpg,c9
train\c9\img_7254.jpg,c9
train\c9\img_763.jpg,c9
train\c9\img_7682.jpg,c9
train\c9\img_769.jpg,c9
train\c9\img_77.jpg,c9
train\c9\img_79.jpg,c9
train\c9\img_7953.jpg,c9
train\c9\img_7973.jpg,c9
train\c9\img_8026.jpg,c9
train\c9\img_8039.jpg,c9
train\c9\img_8044.jpg,c9
train\c9\img_8076.jpg,c9
train\c9\img_8197.jpg,c9
train\c9\img_8210.jpg,c9
train\c9\img_8283.jpg,c9
train\c9\img_8335.jpg,c9
train\c9\img_8455.jpg,c9
train\c9\img_8456.jpg,c9
train\c9\img_8480.jpg,c9
train\c9\img_8484.jpg,c9
train\c9\img_8520.jpg,c9
train\c9\img_8564.jpg,c9
train\c9\img_857.jpg,c9
train\c9\img_8572.jpg,c9
train\c9\img_860.jpg,c9
train\c9\img_8601.jpg,c9
train\c9\img_8655.jpg,c9
train\c9\img_8708.jpg,c9
train\c9\img_8729.jpg,c9
train\c9\img_8749.jpg,c9
train\c9\img_8798.jpg,c9
train\c9\img_8823.jpg,c9
train\c9\img_8878.jpg,c9
train\c9\img_8884.jpg,c9
train\c9\img_8885.jpg,c9
train\c9\img_8976.jpg,c9
train\c9\img_9003.jpg,c9
train\c9\img_9057.jpg,c9
train\c9\img_9098.jpg,c9
train\c9\img_9151.jpg,c9
train\c9\img_9159.jpg,c9
train\c9\img_9194.jpg,c9
train\c9\img_9215.jpg,c9
train\c9\img_9330.jpg,c9
train\c9\img_9378.jpg,c9
train\c9\img_9460.jpg,c9
train\c9\img_9512.jpg,c9
train\c9\img_9626.jpg,c9
train\c9\img_9634.jpg,c9
train\c9\img_9676.jpg,c9
train\c9\img_9684.jpg,c9
train\c9\img_9777.jpg,c9
train\c9\img_9877.jpg,c9
train\c9\img_993.jpg,c9
train\c9\img_9993.jpg,c9
